track_id	track_name	danceability	energy	key	loudness	mode	speechiness	acousticness	instrumentalness	liveness	valence	tempo	type	duration_ms	time_signature
0iC7gPlTDXBHOXxb0Jk0cU	Miss Me, Miss You	0.781	0.739	4.0	-5.952	0.0	0.0461	0.124	0.00261	0.121	0.685	104.983	audio_features	270871.0	4.0
6a7jtmzQrevcKhSTqYUgYi	夜が明ける頃に (feat. ASOBOiSM)	0.723	0.681	4.0	-8.525	1.0	0.433	0.725	0.0	0.245	0.61	170.053	audio_features	241066.0	4.0
2LjUXunDvyWR2YrKGgMWpT	THE MOMENT	0.715	0.85	1.0	-5.036	1.0	0.0596	0.447	0.0	0.116	0.269	91.985	audio_features	202947.0	4.0
3rawx5H78WxjEKOPNTrDRZ	SUNSET	0.727	0.701	0.0	-6.323	1.0	0.068	0.0892	1.61e-06	0.14	0.774	89.449	audio_features	161775.0	4.0
26WwjBABRwIJPKhEcWpY4b	Kill My Heart (feat. Parson James & Qveen Herby)	0.784	0.702	11.0	-3.582	1.0	0.0464	0.0787	0.0	0.0505	0.742	125.944	audio_features	193136.0	4.0
1duhdSPzeHmN3hHnYh90jX	台風が去った夜に	0.567	0.367	2.0	-8.975	1.0	0.0308	0.0505	0.00104	0.102	0.226	151.854	audio_features	306132.0	4.0
2He9deEfdXYWxnTUi0oOb0	ずっとずっとずっと	0.68	0.906	10.0	-1.419	1.0	0.0478	0.158	0.0	0.122	0.806	127.989	audio_features	228546.0	4.0
50NVtluqajoreBzbFxyz2A	Balmy Life	0.76	0.704	1.0	-5.069	1.0	0.221	0.246	0.0	0.381	0.829	103.948	audio_features	223373.0	4.0
2Oo6ku8Iz3kAswDPLrc07O	El Sol	0.633	0.622	4.0	-7.436	1.0	0.0429	0.852	0.0047	0.111	0.615	106.151	audio_features	280629.0	4.0
72lkjISh2WWObECaOyP8FQ	ISSUE	0.886	0.49	9.0	-9.215	0.0	0.109	0.317	5.04e-06	0.12	0.499	108.006	audio_features	251507.0	4.0
2Wh30d50rmcXNmged6vNoi	U&F	0.85	0.647	11.0	-8.635	0.0	0.0724	0.115	0.000189	0.0949	0.796	112.995	audio_features	223105.0	4.0
2sLkkiHpPp4OPGPNitOJGO	SKIRT	0.683	0.731	2.0	-7.475	1.0	0.0375	0.803	0.00479	0.154	0.421	94.993	audio_features	294000.0	4.0
4zgJFAUbGPIoRSKaLfxu3q	Renai Circulation (English Cover) [2012 TV Size]	0.9	0.692	4.0	-7.536	1.0	0.0613	0.322	0.00701	0.0991	0.81	120.01	audio_features	91067.0	4.0
3aQuOFUDCFUdX2Rs7SiSLf	Renai Circulation	0.743	0.559	4.0	-7.195	1.0	0.0712	0.173	0.00849	0.4	0.809	120.023	audio_features	256063.0	4.0
4aIKOaN0I63GDz7Cm4M1lN	夕凪、慕情	0.681	0.51	2.0	-8.354	1.0	0.0531	0.567	0.000454	0.108	0.607	79.489	audio_features	248349.0	4.0
2VPHwZ6n8NtFKrV8NAvUbT	「まだ好きだよ」をビールで流し込んだ	0.717	0.178	7.0	-8.262	0.0	0.134	0.826	0.0	0.0782	0.255	74.701	audio_features	291564.0	4.0
3Uic3fYiF1ZvjiRyv9ovj2	ネイルの島	0.734	0.437	1.0	-12.203	0.0	0.164	0.431	0.000173	0.074	0.765	159.889	audio_features	221339.0	4.0
5kfNWn22IsK2fn2IY8g0AE	Over The Moon - feat. Sagiri Sól	0.923	0.49	6.0	-8.18	0.0	0.0509	0.128	4.57e-05	0.0884	0.661	98.055	audio_features	203265.0	4.0
3U70XpjesbFaOc3lOEHhCt	STRAWBERRY FIELDS	0.801	0.715	7.0	-7.836	1.0	0.109	0.449	0.0432	0.36	0.479	93.006	audio_features	231688.0	4.0
5oxShUjPSVw0WHmQWLVqqB	A Muse	0.676	0.737	1.0	-7.661	1.0	0.141	0.259	0.0	0.531	0.736	92.112	audio_features	219129.0	4.0
6uv9D5McJnmJdYVAz5GIPZ	アイミル	0.911	0.568	9.0	-6.009	1.0	0.162	0.139	4.06e-06	0.109	0.76	100.02	audio_features	225447.0	4.0
7GdOaZjHw6XsgtMoc0mqUe	ウェザーリポート (feat. ひかり)	0.582	0.73	11.0	-7.465	1.0	0.0491	0.0632	9.65e-06	0.12	0.44	119.987	audio_features	296563.0	4.0
5reihcEXTL69aWoCDvHSEr	Don't Stop x Your Closet	0.767	0.67	11.0	-5.569	0.0	0.0318	0.047	0.338	0.181	0.512	115.004	audio_features	217045.0	4.0
4iJyoBOLtHqaGxP12qzhQI	Peaches (feat. Daniel Caesar & Giveon)	0.677	0.696	0.0	-6.181	1.0	0.119	0.321	0.0	0.42	0.464	90.03	audio_features	198082.0	4.0
70GGvSQESDFb3ILWONKJ8k	Someday - Oliver Nelson Remix	0.728	0.939	11.0	-2.709	1.0	0.0553	0.142	3.21e-06	0.0664	0.721	103.007	audio_features	185243.0	4.0
748mdHapucXQri7IAO8yFK	Kiss Me More (feat. SZA)	0.762	0.701	8.0	-3.541	1.0	0.0286	0.235	0.000158	0.123	0.742	110.968	audio_features	208867.0	4.0
0Gmjaje0sMUwD5mIHlhlfs	LOST YOU	0.426	0.47	5.0	-8.097	0.0	0.0755	0.528	0.000882	0.112	0.45	86.508	audio_features	177720.0	4.0
3PhOk2RL5KTNOVHalmNC0p	Runnin' feat. kZm, SIRUP	0.778	0.693	7.0	-7.214	1.0	0.0626	0.0255	0.000612	0.123	0.508	139.974	audio_features	221654.0	4.0
7gARwaoIqXQSYzgbPm8YEF	BUMP BUMP!	0.684	0.892	8.0	-3.638	1.0	0.0716	0.15	0.0	0.33	0.677	119.997	audio_features	243493.0	4.0
0RyZbvuv6h5AeKXi1AYvJs	Tira La Puerta	0.72	0.365	0.0	-10.266	0.0	0.206	0.215	0.0	0.173	0.55	85.885	audio_features	154906.0	4.0
4x3HgoN0TpvdyNLU3EKbVi	Antes	0.787	0.357	8.0	-10.464	1.0	0.0549	0.719	1.9e-06	0.266	0.653	130.021	audio_features	149538.0	4.0
5vELlkkfUGP2OJ32wqrMKa	Coffee Bean	0.778	0.297	1.0	-8.266	0.0	0.0439	0.323	3.87e-05	0.104	0.571	84.484	audio_features	159053.0	4.0
0yU8ftsMI0LDMtee8TDsDR	Feed The Fire (feat. Lucky Daye)	0.849	0.682	7.0	-6.241	1.0	0.123	0.0197	0.00143	0.0996	0.928	121.997	audio_features	245471.0	4.0
4fSIb4hdOQ151TILNsSEaF	Todo De Ti	0.78	0.718	3.0	-3.605	0.0	0.0506	0.31	0.000163	0.0932	0.342	127.949	audio_features	199604.0	4.0
5iqfKcEGKhoeWTNqmZPiu3	Love Of Your Life	0.632	0.826	10.0	-5.326	0.0	0.0699	0.00161	2.89e-06	0.146	0.474	111.886	audio_features	196171.0	4.0
3x1GYhxqDZDjBsyKR6OkIn	All Night, Pt. 1 - Mixed	0.752	0.908	1.0	-3.681	1.0	0.254	0.0819	0.000445	0.39	0.58	137.76	audio_features	97999.0	4.0
1tNnVkmOyGXD9m7rJHUFcK	Thinking Of You - Radio Edit	0.724	0.73	5.0	-6.6	1.0	0.0639	0.00701	1.61e-05	0.129	0.506	122.027	audio_features	248277.0	4.0
7JmK3uKGEyLpJOjqVX3F8i	Feeling Free (with Pretty Boy Aaron)	0.731	0.705	5.0	-5.855	0.0	0.0968	0.0138	0.00129	0.129	0.549	115.099	audio_features	212737.0	4.0
4gcO8PD4skPOBneayOCBdE	Weekend Love	0.739	0.623	10.0	-5.593	0.0	0.0738	0.254	0.000212	0.129	0.821	115.139	audio_features	219280.0	4.0
0ESqWR83n8C2iIkakrNMmD	All Of My Dreams	0.689	0.867	5.0	-6.385	0.0	0.0615	0.00929	0.0	0.0781	0.739	114.008	audio_features	188071.0	4.0
3ZDi0bl87WXsfXfPTCl3ki	Dangerous	0.82	0.614	0.0	-8.623	0.0	0.0731	0.0635	0.0026	0.316	0.763	115.015	audio_features	231653.0	4.0
531mQkYqVkISESEPmw9Eah	TRIPOD BABY	0.659	0.847	7.0	-5.831	0.0	0.111	0.521	0.0	0.323	0.628	124.869	audio_features	303400.0	4.0
1NzRZ7AosK7ZDumMsZYofo	Just Friends	0.868	0.656	7.0	-6.579	1.0	0.0351	0.0879	0.00316	0.14	0.793	114.991	audio_features	168983.0	4.0
5i5tjM2ou0V7HlOpqBpFuv	Magic - tofubeats Remix	0.785	0.614	8.0	-8.865	1.0	0.0588	0.353	0.00375	0.339	0.807	103.959	audio_features	298912.0	4.0
2NNMSuKq5tEAAc02B040Df	PETTY - Remix	0.448	0.701	11.0	-3.707	1.0	0.342	0.0279	0.0	0.135	0.682	79.549	audio_features	213111.0	4.0
3pzdhnz6HzXvCjZxSzDwiA	16yrs Remix (feat. Kan Sano)	0.324	0.588	11.0	-5.689	0.0	0.0898	0.197	0.0	0.195	0.224	177.753	audio_features	211968.0	4.0
6sdtNVpUAVkV7TNYMJqEJU	IRL	0.666	0.816	5.0	-5.692	1.0	0.0622	0.0706	3.47e-05	0.762	0.778	101.972	audio_features	204065.0	4.0
6AA63CSajKQcPfTU4LmhHq	Not In The Mood	0.659	0.794	0.0	-6.205	1.0	0.0549	0.0358	1.31e-05	0.282	0.731	102.037	audio_features	193084.0	4.0
3gnlEjMRzlZzB26J8xIPpb	In Touch	0.839	0.747	0.0	-5.505	0.0	0.187	0.186	5.16e-06	0.0697	0.948	106.016	audio_features	237737.0	4.0
6IiCb4PCrDgqLuDWgHhFi7	Inside Out (feat. Griff)	0.64	0.683	2.0	-4.309	1.0	0.0434	0.169	0.0	0.109	0.4	146.058	audio_features	186245.0	4.0
4keoy2fqgwGnbWlm3ZVZFa	Happy Now	0.503	0.741	4.0	-5.128	1.0	0.047	0.579	1.49e-06	0.0712	0.458	88.335	audio_features	207030.0	3.0
0yAlPJM52r6vM0Upk3NsDy	Learn (feat. PARISA)	0.777	0.541	4.0	-7.21	0.0	0.0302	0.0302	2.63e-06	0.0669	0.595	97.481	audio_features	197186.0	4.0
54mctjwCigqU06GdBzjznM	Momentum	0.796	0.649	1.0	-7.668	1.0	0.0483	0.0498	7.66e-05	0.0438	0.856	110.031	audio_features	188140.0	4.0
6qOY5MMxZuN2DQGOJ6qSKR	Love We Had	0.853	0.795	7.0	-7.346	1.0	0.06	0.0714	0.104	0.0961	0.803	125.014	audio_features	133728.0	4.0
4vrnHICJfoguGfzLkQeyy5	You	0.665	0.936	0.0	-5.991	1.0	0.0435	0.0419	0.00996	0.0878	0.517	123.994	audio_features	228750.0	4.0
30j17PGHg0vmx4IgKpZsWu	ok	0.904	0.542	0.0	-6.99	1.0	0.103	0.229	0.801	0.0751	0.473	122.012	audio_features	190119.0	4.0
3CUzFT1kB8i897irsbV4GD	Without You	0.503	0.876	4.0	-5.094	1.0	0.215	0.00245	0.178	0.357	0.466	123.813	audio_features	169355.0	4.0
4iELCZDu8BTCgP0MWNLQ9u	Like My Way	0.803	0.581	9.0	-8.054	1.0	0.17	0.0258	0.84	0.0768	0.163	125.007	audio_features	253440.0	4.0
4ZlRUnBg4g2J9Ofdd5thdI	So Into You - Jess Bays Remix	0.713	0.79	2.0	-6.711	0.0	0.0384	0.0805	0.00141	0.0713	0.602	125.003	audio_features	189273.0	4.0
2Rzr9nzXM1yX3NB8CwHWQg	Let It Go (with Marc E. Bassy) - Vintage Culture Remix	0.909	0.808	5.0	-6.588	0.0	0.147	0.029	0.000463	0.237	0.638	124.015	audio_features	204198.0	4.0
5UdOQKxkT9n82dzNKU9p8q	Feel Something - Sammy Porter Remix	0.764	0.986	11.0	-4.291	0.0	0.0583	0.00978	0.372	0.15	0.852	124.999	audio_features	173280.0	4.0
1d87n4WnUawIAyqAEGn6ps	megapunk - TSHA Remix	0.716	0.91	10.0	-7.695	0.0	0.0371	0.0288	0.791	0.118	0.757	130.012	audio_features	280807.0	4.0
47x1vM18oHbtCzpWujbOqM	What I Mean	0.84	0.973	9.0	-4.858	0.0	0.12	0.0606	0.0343	0.0825	0.895	129.964	audio_features	180000.0	4.0
4O2Cd6mRDAwXp5ggwDNYep	Electric Mama	0.808	0.995	6.0	-6.607	0.0	0.0429	6.74e-05	0.842	0.0573	0.952	127.997	audio_features	407344.0	4.0
4Gq2ikHCdv7v2Wfvb7Z8Ns	Beauty Sleep	0.733	0.775	2.0	-5.93	1.0	0.0467	0.005	0.691	0.159	0.758	127.999	audio_features	198750.0	4.0
5NMpjgdyG48RGtkjj8QENH	If You Wanna	0.609	0.882	3.0	-6.042	0.0	0.0305	0.0271	0.0141	0.0643	0.707	125.008	audio_features	180480.0	4.0
3LVDBfB3HAGUXSant5A32t	Love Changed Me feat. Byron Stingily - Frank Wiedemann & Toto Chiavetta Garage Remix	0.677	0.865	11.0	-6.315	0.0	0.0803	0.000876	0.295	0.0834	0.629	128.04	audio_features	291626.0	4.0
70n69mBQ7kaNPHpky7UEpF	On And On	0.666	0.869	7.0	-5.653	0.0	0.0315	0.0234	0.00194	0.303	0.409	125.006	audio_features	171780.0	4.0
2DrOVQdF9Mj0I5mkL4x2xD	By My Side - Edit	0.669	0.926	6.0	-9.758	1.0	0.0751	0.0283	0.0819	0.084	0.945	124.983	audio_features	178560.0	4.0
4TQgbkv9CF1Qy4GIfpZeSO	The World You See	0.545	0.903	10.0	-7.279	0.0	0.0485	0.0119	0.0647	0.0803	0.0398	126.0	audio_features	217515.0	4.0
6DB1uu3VcQqV6rae4lWze8	Love You Again (feat. Akua)	0.791	0.772	6.0	-5.962	0.0	0.0395	0.00673	0.207	0.138	0.571	121.982	audio_features	176551.0	4.0
6lhZLbb0czULpjb2kFryPS	Let's Love	0.662	0.868	5.0	-4.025	1.0	0.0341	0.00882	0.00244	0.584	0.353	92.998	audio_features	200645.0	4.0
59o6ojGNGJOYiVJSzC6Lsa	Memories (feat. Kid Cudi) - 2021 Remix	0.575	0.844	6.0	-4.89	0.0	0.072	0.00172	0.0	0.114	0.277	104.914	audio_features	177801.0	4.0
0XwSUpdrF7nR7hVxbDs7mb	Floating Through Space	0.758	0.904	4.0	-7.14	0.0	0.211	0.0643	0.00113	0.32	0.622	123.991	audio_features	149223.0	4.0
2YCaWWFaJafLTak3gzwk2N	Knock Me Out	0.712	0.74	8.0	-6.52	1.0	0.0552	0.323	0.0368	0.0848	0.0936	124.01	audio_features	293653.0	4.0
2dd3VTFfbTNJXpvhNGnFzQ	Tell Me It’s True	0.767	0.67	2.0	-9.153	1.0	0.045	0.0243	0.828	0.117	0.434	126.013	audio_features	201905.0	4.0
4vgP9RNzsXEUcW7Ws50VrI	Make Me Feel	0.671	0.778	10.0	-4.981	1.0	0.0272	0.0539	3.93e-05	0.0706	0.873	92.996	audio_features	234936.0	4.0
1xF1epQWGAJIQmiE65gcVy	このまま夢で feat. AAAMYYY	0.771	0.817	8.0	-4.007	0.0	0.148	0.0312	0.0	0.123	0.815	96.026	audio_features	183308.0	4.0
0GnJCWpVtHTaVkvH7hP81L	FALLIN’	0.722	0.748	1.0	-8.703	1.0	0.0687	0.269	0.125	0.0374	0.577	104.961	audio_features	207096.0	4.0
50RKXiXT8FqHInz2N1AixD	empties	0.665	0.566	0.0	-7.768	1.0	0.0262	0.0328	0.0984	0.104	0.186	126.031	audio_features	209413.0	4.0
7IWWFkmmFG9W8AsgOKMDmV	ame - AmPm Remix	0.577	0.854	7.0	-3.754	1.0	0.0473	0.0596	2.69e-05	0.205	0.336	94.999	audio_features	227631.0	4.0
0ltO5bci13M68sTnEctBxR	love somebody like you	0.824	0.484	11.0	-9.725	1.0	0.0668	0.0102	0.00381	0.0327	0.843	99.159	audio_features	247346.0	4.0
3sPpFnxfeb2grY6cH9JYk9	religion (u can lay your hands on me)	0.764	0.53	4.0	-7.444	1.0	0.0613	0.206	0.0	0.0876	0.443	105.965	audio_features	187867.0	4.0
2cpCm5ada85iPIhdc6YOOX	Pink	0.841	0.545	7.0	-8.696	1.0	0.0475	0.839	0.844	0.101	0.897	125.007	audio_features	226000.0	4.0
5eyk6upjkaXG3MAKqCt70K	Follow You	0.806	0.589	1.0	-10.459	1.0	0.0457	0.156	0.0693	0.115	0.477	114.053	audio_features	147368.0	4.0
0WDjZuWS4Z0ATgR8eL5cr1	CHARGER (ft. Charli XCX)	0.726	0.53	4.0	-5.736	0.0	0.0518	0.000716	0.00211	0.0502	0.374	99.024	audio_features	236364.0	4.0
0LJTfmgOMvlLd0u4HU9twm	Killshot	0.771	0.553	11.0	-8.741	0.0	0.121	0.0166	3.78e-05	0.145	0.484	115.002	audio_features	177725.0	4.0
2m3RjRXib3un5AEh08k8Fe	Recap (with VanJess & Channel Tres)	0.578	0.947	11.0	-2.431	0.0	0.0359	0.00744	0.0816	0.105	0.456	134.033	audio_features	246007.0	4.0
3WXhshrs1fzwF3rQE399Gq	Kill V. Maim	0.737	0.834	6.0	-6.094	0.0	0.0353	0.212	0.000342	0.106	0.747	118.026	audio_features	211525.0	4.0
3fUmLhmEfgmpLhzkBpghIx	Senorita	0.751	0.594	0.0	-6.121	0.0	0.0485	0.109	0.0	0.651	0.649	91.034	audio_features	237321.0	4.0
7x1n8vjtk3wgzdD3I6n2VX	WING	0.465	0.884	6.0	-3.587	1.0	0.0902	0.000633	0.00183	0.0543	0.471	170.015	audio_features	322240.0	4.0
00HkIbEdDBcjT3eXozMMmX	All I Want Is You - DJ Shimamura Remix	0.699	0.939	1.0	-5.855	1.0	0.0695	0.00981	0.0	0.352	0.761	108.007	audio_features	380227.0	4.0
4OtnAKoctwlWQu9VDp8hKU	DOPAMINE	0.768	0.691	6.0	-6.616	1.0	0.176	0.324	6.48e-06	0.181	0.954	93.01	audio_features	321000.0	4.0
1ohpgdHFmAdZGoiLO4iVcp	ONE DAY - 夜空remix	0.559	0.841	6.0	-3.166	1.0	0.126	0.0017	0.295	0.134	0.727	131.959	audio_features	213267.0	4.0
2cyyl5RalaGafQ8M0RYZVX	御祭騒ぎ	0.663	0.783	6.0	-4.585	1.0	0.0393	0.0134	0.00179	0.325	0.622	123.986	audio_features	178088.0	4.0
7jXQUrVhEpXdymfFWNDnQW	BED	0.739	0.628	8.0	-4.137	1.0	0.0703	0.0245	0.0	0.266	0.634	120.944	audio_features	239457.0	4.0
1nyyEarKbjbGm3iJqvZknV	R U HIGH (feat. Mallrat)	0.865	0.792	4.0	-4.207	1.0	0.0677	0.168	1.46e-05	0.107	0.562	101.985	audio_features	189496.0	4.0
3MEruRteiUZXkStfTlZqRn	Back to the Streets (feat. Jhené Aiko)	0.753	0.749	6.0	-5.214	1.0	0.0314	0.0546	4.39e-06	0.166	0.589	121.988	audio_features	175082.0	4.0
7pDdE5FLqcNCvjxzRzm80r	Breathe (feat. kaspara)	0.554	0.921	5.0	-10.347	0.0	0.0395	0.000415	0.894	0.957	0.567	124.008	audio_features	360933.0	4.0
6wVViUl2xSRoDK2T7dMZbR	Bizarre Love Triangle	0.613	0.885	10.0	-7.463	1.0	0.052	0.0804	0.746	0.0997	0.919	118.506	audio_features	263213.0	4.0
648o2Rr0NT2lfOugdltcF4	Stand by me	0.48	0.941	11.0	-2.382	0.0	0.0435	0.000919	1.67e-06	0.34	0.53	100.974	audio_features	220987.0	4.0
5dn6QANKbf76pANGjMBida	Blueberry Eyes (feat. SUGA of BTS)	0.746	0.611	0.0	-7.034	0.0	0.101	0.454	0.000922	0.133	0.411	149.967	audio_features	172245.0	4.0
5428XgSLRJfpMRN3r6YXob	Holiday	0.691	0.68	5.0	-6.007	1.0	0.185	0.0875	0.0	0.0618	0.676	106.106	audio_features	213600.0	4.0
4FrglJdEIDf5c47Th9TCaf	BED	0.754	0.458	1.0	-5.74	0.0	0.0339	0.0208	0.0	0.222	0.342	120.035	audio_features	242040.0	4.0
6xGdjzGQ3innlYpjJCn7op	Vibez	0.624	0.671	7.0	-7.454	1.0	0.0895	0.243	0.014	0.119	0.302	96.892	audio_features	163347.0	4.0
2usBge47PridtlZgu1hsQI	OH feat. 清水翔太, OZworld	0.696	0.795	6.0	-6.513	1.0	0.0417	0.00955	0.0	0.198	0.306	87.52	audio_features	192133.0	4.0
2Ryp5LkAWyJwRqoFd8N7Kk	move	0.661	0.633	5.0	-8.819	0.0	0.052	0.0227	9.86e-05	0.104	0.782	104.934	audio_features	148571.0	4.0
2zLLUKyL10JBXPqUS7e7Ne	Count Me In (with Kiana Ledé)	0.643	0.676	5.0	-7.351	0.0	0.0441	0.362	5.99e-06	0.125	0.409	130.028	audio_features	194480.0	4.0
0bbrsFG5BNrJgbsKVuRRH0	ALL MINE	0.848	0.538	10.0	-6.396	1.0	0.0387	0.388	0.0	0.16	0.678	114.008	audio_features	212105.0	4.0
7t4ihBlcMdkyUeO6W1DfYH	Baby Powder	0.784	0.521	1.0	-8.217	0.0	0.0529	0.323	0.000283	0.0518	0.682	78.456	audio_features	180435.0	3.0
6Vdyu21iT8qScU1haSjWUU	Leave Em Alone (Layton Greene, Lil Baby feat. City Girls, PnB Rock)	0.76	0.755	6.0	-4.735	0.0	0.19	0.0163	2.95e-06	0.0909	0.517	101.993	audio_features	171647.0	4.0
20dP2DaMHIAmwWAbp7peSr	pick up the phone	0.711	0.739	7.0	-3.804	0.0	0.129	0.114	0.0	0.226	0.43	136.919	audio_features	252256.0	4.0
7aJwamBFV2pjHTXUnlDgZb	FWM	0.615	0.551	7.0	-6.763	0.0	0.144	0.285	0.00105	0.109	0.363	142.019	audio_features	196657.0	4.0
1Jz1yhcPm1Yt6aoed3zact	Go Crazy (Remix) (feat. Young Thug, Future, Lil Durk & Latto)	0.721	0.565	0.0	-9.157	0.0	0.28	0.248	0.0	0.284	0.597	93.8	audio_features	227234.0	4.0
2pEZ4Z8fxsxm3t03SEHPpp	Time	0.479	0.478	5.0	-8.884	1.0	0.11	0.0601	7.16e-06	0.0813	0.117	100.04	audio_features	297502.0	4.0
25AA0A6Qvq9leS9zyeWbln	I'm Thru	0.716	0.622	9.0	-8.251	1.0	0.0529	0.646	0.377	0.0897	0.644	108.004	audio_features	191335.0	4.0
1Yd7meWF4xNR13vys5IpUh	What Do You Say (Move It Baby) [Feat. PJ]	0.793	0.699	6.0	-9.849	1.0	0.37	0.0199	0.000183	0.108	0.897	98.957	audio_features	242347.0	4.0
7i3w3XKNdPONRlenXNVtzs	The Way Things Were	0.72	0.668	7.0	-4.463	0.0	0.183	0.525	1.57e-06	0.213	0.646	98.002	audio_features	227926.0	4.0
3BV77xzAuZDsYSsfxe45pH	真夜中のナイチンゲール	0.494	0.506	0.0	-5.767	1.0	0.035	0.27	0.0	0.332	0.383	143.657	audio_features	319227.0	4.0
6CUTYJQKcDwcQ63EulINUo	Officially Missing You	0.476	0.407	4.0	-9.239	0.0	0.0368	0.247	0.0	0.144	0.226	178.258	audio_features	242467.0	4.0
0jxwM7hVrYwHnBbAo4TYFU	ほんとは feat. Kan Sano	0.708	0.659	6.0	-5.653	0.0	0.0423	0.0213	0.0386	0.315	0.65	88.018	audio_features	238685.0	4.0
1OKy6TtXWD7oz1b1dComxI	Girl Like Me (feat. H.E.R.)	0.613	0.626	9.0	-3.905	1.0	0.0755	0.657	0.0	0.599	0.676	81.364	audio_features	223842.0	4.0
5BaRUqTZmFhG9ux7OAnsc8	ソレイユ	0.671	0.866	2.0	-5.101	1.0	0.0594	0.0574	0.0	0.544	0.572	123.966	audio_features	195400.0	4.0
1Kj1cykZxTiOt0rQlFzGXr	JEAN POCKET	0.919	0.487	6.0	-8.035	0.0	0.0637	0.0989	0.0	0.223	0.975	134.033	audio_features	173780.0	4.0
0xJWNEUYTU5tle6ezjf0gE	Mad At Me.	0.735	0.585	0.0	-5.111	0.0	0.211	0.0775	7.13e-06	0.0996	0.447	82.429	audio_features	135373.0	4.0
4i1sWZe3erL8QVRCdwMoxT	Comeback.	0.568	0.557	7.0	-7.163	1.0	0.142	0.197	0.0	0.701	0.563	126.882	audio_features	183373.0	4.0
3G9zeErd0kMx012kmYUrm7	Lose My Cool	0.717	0.482	3.0	-8.071	1.0	0.0465	0.564	0.000235	0.0921	0.321	103.006	audio_features	214578.0	4.0
5gppv4reKPtycRZiFmg6sQ	One Hundred & Two	0.754	0.637	11.0	-6.841	1.0	0.0258	0.379	0.0	0.0845	0.314	104.02	audio_features	196154.0	4.0
68IM1E6gBT2s7b5G8rc8Qc	Blue in Green	0.788	0.792	0.0	-5.291	1.0	0.161	0.576	4.93e-05	0.368	0.599	115.086	audio_features	281000.0	4.0
5zGVKcQ8WtOkVJLbO1L48g	バニラと美里BIG CITY NIGHTS	0.465	0.693	1.0	-6.397	1.0	0.242	0.000187	0.932	0.269	0.486	109.744	audio_features	122489.0	4.0
0ZXdzaT1k688dkpNeEgQiV	I Don't Know Why	0.499	0.898	8.0	-4.181	0.0	0.124	0.124	7.2e-06	0.0832	0.618	120.04	audio_features	207668.0	4.0
0OJySDUknbY48SMBarBOYj	Smells Like Teen Spirit - R3HAB VIP Remix	0.598	0.623	7.0	-6.924	0.0	0.0511	0.066	0.0	0.0657	0.231	120.118	audio_features	185000.0	4.0
4pzzaaaTIajfI2MmCgMiP8	グルグル	0.687	0.569	2.0	-5.699	0.0	0.0454	0.104	9.15e-06	0.11	0.333	91.019	audio_features	260320.0	4.0
0vsYpv4N0hcGEFm1UAYjQy	What a Fool Believes	0.742	0.644	11.0	-10.146	0.0	0.0321	0.195	0.000208	0.0284	0.959	119.882	audio_features	264893.0	4.0
3DKzKLzJcMtPQvSEaoX62t	Preaching To The Choir	0.707	0.659	10.0	-7.374	0.0	0.0445	0.292	0.0	0.116	0.57	95.021	audio_features	210028.0	4.0
0tZbA8Y7yAwMzeuN3yEFqk	Bathtime	0.733	0.547	0.0	-10.641	1.0	0.0396	0.456	6.27e-05	0.102	0.621	90.031	audio_features	204428.0	4.0
42cHfChm4Xd56qlwBHclIJ	One of these nights - feat. Jua	0.779	0.563	6.0	-7.385	1.0	0.0654	0.226	0.000301	0.0798	0.706	105.01	audio_features	234857.0	4.0
1FVwIVuTtMaptIxyE6zJZj	缶ビール	0.709	0.718	11.0	-6.959	1.0	0.0479	0.0747	3.67e-06	0.121	0.748	108.055	audio_features	172440.0	4.0
7dqMTawnlScCIgNuchjAYR	あのねこの話 - feat. クボタカイ	0.726	0.863	5.0	-5.226	0.0	0.243	0.192	0.0	0.264	0.801	113.96	audio_features	244400.0	4.0
7D6pcC9xM2HJl9A9XrHbYA	Rise & Shine	0.683	0.555	10.0	-14.659	1.0	0.0378	0.249	0.827	0.111	0.13	111.993	audio_features	137143.0	4.0
7I1e5uMItJ9kiTWFyUayVs	Swim	0.841	0.642	4.0	-9.58	0.0	0.0801	0.435	0.824	0.118	0.308	124.011	audio_features	252000.0	4.0
1RL9gghbn6lqDyCTPteNfB	Loops For Healing	0.761	0.699	5.0	-11.836	0.0	0.0597	0.0474	0.848	0.0934	0.643	118.001	audio_features	327458.0	4.0
7KtbZxJU9ZdIyJJ4QMzx66	Heat 1	0.805	0.764	4.0	-10.983	0.0	0.0796	0.459	0.937	0.102	0.707	122.008	audio_features	598071.0	4.0
0C3QADQBYFjcSeU8bY7Oex	Simple Hit	0.631	0.951	5.0	-6.203	1.0	0.0439	0.108	0.836	0.173	0.703	124.007	audio_features	219715.0	4.0
0MuOQWH4N9C9jK44bzRTBQ	White Sky	0.75	0.719	9.0	-11.163	0.0	0.0359	0.00376	0.919	0.105	0.544	113.968	audio_features	135983.0	4.0
5F8ZtPUBSVjNygbxNfp4vR	Simply Put	0.842	0.58	8.0	-8.033	0.0	0.0425	0.101	0.0205	0.11	0.522	125.007	audio_features	204282.0	4.0
1d3bEVe13VwmXu1l7ALKJa	Let Go	0.679	0.393	4.0	-12.179	1.0	0.0404	0.0502	0.78	0.112	0.193	103.022	audio_features	248135.0	4.0
5hNNUmZYDpn3ECksD3SxoB	Please - Jeff Samuel Remix	0.803	0.711	9.0	-7.139	0.0	0.0753	0.0322	0.522	0.0816	0.852	121.022	audio_features	427520.0	4.0
5dhQJgHeU8xa1OtEbPebVr	Mellow	0.739	0.803	6.0	-10.457	1.0	0.0448	0.000242	0.942	0.06	0.579	123.008	audio_features	476098.0	4.0
3cPE7yLCgtxiQ0t35jfuXl	Sunday Sunset	0.811	0.707	5.0	-11.376	0.0	0.045	0.000314	0.889	0.0636	0.149	124.013	audio_features	344516.0	4.0
53QQrjfdapk1O1ZnkbgmRp	Signature Move	0.697	0.685	6.0	-7.678	0.0	0.0546	0.371	0.63	0.11	0.462	126.962	audio_features	215433.0	4.0
10bmUjdCwAcLNMaFs6BLNO	Thin Line	0.767	0.818	10.0	-6.224	0.0	0.0458	0.0288	0.00243	0.0732	0.365	124.968	audio_features	188180.0	4.0
085egKocgu5WKCISuUBJFW	Haiti - Robbie Doherty Remix	0.769	0.898	11.0	-6.037	0.0	0.115	0.0264	0.186	0.193	0.618	129.026	audio_features	177709.0	4.0
6gIeeh4nIEM5vopDbvVNfQ	Surrender	0.653	0.943	7.0	-5.15	1.0	0.0345	0.00354	0.156	0.0801	0.202	124.006	audio_features	252581.0	4.0
14xLP7Bj28rxOi2dueNyup	So Hooked On Your Lovin - Gorgon City Remix	0.731	0.704	7.0	-8.024	1.0	0.0361	0.0281	0.633	0.142	0.403	124.017	audio_features	235752.0	4.0
2wxdmzjFaMfNgbPjCJQRo7	Good For Me	0.665	0.883	9.0	-5.332	1.0	0.184	0.00305	4.93e-05	0.521	0.657	128.062	audio_features	162000.0	4.0
4Np4NOxEBsYvPNBZ8W0BDu	Home	0.679	0.707	2.0	-11.453	1.0	0.04	0.00634	0.855	0.18	0.258	120.007	audio_features	221091.0	4.0
6onf7sfOexU1s9F8733kJy	Conspiracy	0.826	0.931	7.0	-7.087	1.0	0.0687	0.000682	0.351	0.068	0.643	126.023	audio_features	373333.0	4.0
1SEBehSYYCuADY6kf3CHlP	Your Time Is Up	0.583	0.685	9.0	-12.545	0.0	0.0376	0.00356	0.87	0.0973	0.42	125.053	audio_features	193610.0	4.0
7r8f88Kapl0khiD2dYHKcQ	Like This	0.803	0.969	5.0	-3.344	1.0	0.0651	0.000448	0.87	0.373	0.756	124.987	audio_features	157920.0	4.0
0yvPTNzH1e1V2rdbUGrVFp	Elevate	0.738	0.868	9.0	-8.902	0.0	0.0611	0.12	0.863	0.156	0.124	126.994	audio_features	211654.0	4.0
5whiPPRn248jYANBCMzQoB	The Answer (featuring Arthur Baker & Victor Simonelli)	0.728	0.898	10.0	-4.652	0.0	0.125	0.0433	0.0536	0.261	0.502	125.974	audio_features	203720.0	4.0
1kXHqvq1R8dkx1Mm52nH9g	Be the One (feat. MORGAN, Digga D & TIKE)	0.846	0.726	1.0	-3.376	1.0	0.0635	0.094	2e-06	0.0304	0.79	131.974	audio_features	185530.0	4.0
2CO4CVfzDMfrNdJQM4nsuw	Into your dream	0.645	0.735	11.0	-4.879	1.0	0.0516	0.301	0.0	0.103	0.496	92.979	audio_features	213886.0	4.0
1u2lyRdJ23o5Osgy9IsrUT	FUTURE WAVE	0.761	0.593	11.0	-5.402	0.0	0.0358	0.167	0.0	0.0493	0.664	130.057	audio_features	241122.0	4.0
74Yzx6rw9rworB3a0zlONF	Life	0.888	0.5	11.0	-5.075	0.0	0.0427	0.672	0.0	0.125	0.731	102.017	audio_features	171176.0	4.0
6wFAcwbBMO7BQ74ZYyTwEs	Good Luck	0.848	0.683	10.0	-7.525	0.0	0.0539	0.0509	0.217	0.0827	0.671	110.009	audio_features	229400.0	4.0
0WdiVvjH6uajYCcxPTmsy9	Desire	0.739	0.6	11.0	-9.075	0.0	0.0479	0.00152	0.881	0.0667	0.666	123.986	audio_features	354098.0	4.0
5XkXjjM3TCqi6k1N4vSH2G	Holding You	0.766	0.669	4.0	-10.643	0.0	0.0634	0.00545	0.724	0.11	0.11	125.019	audio_features	308877.0	4.0
1wdLaeNn73zbpYVqw8mlYz	Breathe	0.939	0.512	7.0	-11.504	0.0	0.123	0.183	0.89	0.117	0.579	122.034	audio_features	228197.0	4.0
1JqmT6TAm16oxJhL5MwiwI	Days Pass	0.662	0.79	11.0	-8.771	0.0	0.0355	0.000157	0.801	0.0914	0.238	121.971	audio_features	222727.0	4.0
61QBhR88b80hQbBtMNL5eQ	Orange Trees - Claptone Remix	0.664	0.808	6.0	-9.003	1.0	0.0373	0.0214	0.00742	0.0543	0.425	124.03	audio_features	167777.0	4.0
75N5R8CeZDyJurQJsoRTx1	Risky Business	0.787	0.653	11.0	-6.825	0.0	0.0649	0.0875	0.735	0.0933	0.396	122.995	audio_features	320854.0	4.0
5UjOTMEtd4vqSLXxyO71Yb	Change	0.89	0.549	10.0	-9.225	1.0	0.192	0.00574	0.494	0.0641	0.558	117.995	audio_features	392279.0	4.0
77PphOhe88ESixnOdJBfby	Just Us 2	0.668	0.811	10.0	-9.789	0.0	0.112	0.0145	0.83	0.113	0.168	123.982	audio_features	424938.0	4.0
2DPPV52LZNuoCB1jJxMpSP	Intro	0.814	0.904	11.0	-8.869	0.0	0.0756	1.2e-05	0.835	0.045	0.483	122.005	audio_features	350164.0	4.0
0S7W0XuxdKqCTZ2rZqXE7Q	Into the Surf - Hot Since 82 Remix	0.632	0.808	1.0	-8.68	1.0	0.037	5.88e-05	0.587	0.0653	0.36	123.997	audio_features	490000.0	4.0
07pb7ZBBycZbLdg8CyjXX2	Ksamil	0.69	0.709	3.0	-9.21	1.0	0.0409	0.0352	0.88	0.143	0.483	119.99	audio_features	190000.0	4.0
5cWtZM21FH4YL0aWq3Syfv	Roar - Adana Twins Remix	0.803	0.871	8.0	-6.326	0.0	0.0542	0.0126	0.814	0.0908	0.0407	123.01	audio_features	493581.0	4.0
00n7wN0flnH48KVwQOms7A	Once Again - Edit	0.73	0.919	0.0	-5.836	1.0	0.0459	0.00126	0.89	0.168	0.285	125.008	audio_features	252985.0	4.0
6NitJf2pJZ4ssPTWZ1ZuVv	About Us	0.631	0.694	5.0	-9.185	0.0	0.0368	0.0342	0.774	0.1	0.114	122.0	audio_features	286520.0	4.0
5duZe3kHUqNENd97WYqmYL	Another Lover	0.643	0.547	5.0	-10.297	0.0	0.0528	0.198	0.025	0.173	0.324	80.983	audio_features	266722.0	4.0
5r4RI8iT8YlF7O0GbSbCXR	PASSIONFRUIT	0.947	0.445	1.0	-8.043	1.0	0.0442	0.45	0.809	0.131	0.859	120.964	audio_features	193635.0	4.0
3DPFmwFtV5ElQaTniLOdgk	Hunnybee	0.956	0.373	6.0	-7.963	1.0	0.0773	0.569	0.394	0.314	0.568	119.994	audio_features	268333.0	4.0
4A4EI3YNaHhDiAgpQlCZkk	Kiss U Right Now	0.855	0.331	7.0	-8.652	1.0	0.07	0.41	0.00131	0.152	0.652	98.03	audio_features	194776.0	4.0
3pROf3AwBDvr2LaGfpZFnT	Str8 Outta Mumbai	0.716	0.74	9.0	-4.437	0.0	0.262	0.0625	0.0	0.156	0.597	114.916	audio_features	162480.0	4.0
1RRlUJMxjp2FmkTExBT2T7	Fkn Around (feat. Megan Thee Stallion)	0.837	0.738	1.0	-5.297	0.0	0.117	0.0381	6.97e-06	0.0589	0.715	110.993	audio_features	244049.0	4.0
21SfiZpZH86MZm66azqU4y	No Reason	0.695	0.688	10.0	-4.874	0.0	0.0493	0.0413	0.000629	0.0588	0.804	85.996	audio_features	227564.0	4.0
6ifeYWDjT865SRVSJ1wgAy	STAY	0.654	0.819	1.0	-8.402	0.0	0.125	0.372	0.0	0.0925	0.773	106.014	audio_features	206604.0	4.0
7dmcTMq4saNeKIBmG3m6Tq	1:45AM (feat. Bearface)	0.645	0.711	9.0	-7.481	1.0	0.0353	0.00356	0.0253	0.156	0.557	135.026	audio_features	201656.0	4.0
2o0ho0aRB9vHO5XBz9Dj8n	Sunrise	0.708	0.784	8.0	-8.242	0.0	0.0498	0.139	0.723	0.0541	0.947	129.95	audio_features	198869.0	4.0
1nSw34TVEN1ONDHH1yjeQh	It's Real	0.808	0.75	8.0	-6.349	0.0	0.0424	0.0425	0.00653	0.105	0.749	124.008	audio_features	193680.0	4.0
6Y77fq076Utog2MtaH1fKq	Under The Moon	0.594	0.778	10.0	-5.741	1.0	0.0311	0.514	0.00023	0.326	0.345	107.394	audio_features	191000.0	4.0
4EMi40PsBg8uwJcEyNhdPJ	Let You Go	0.734	0.557	1.0	-6.593	0.0	0.0616	0.105	0.0218	0.086	0.254	113.206	audio_features	173647.0	5.0
7iDuzQ92TA0NfnfzLKr57s	all of your love	0.633	0.755	11.0	-5.616	0.0	0.0508	0.0478	0.00184	0.0854	0.765	79.998	audio_features	218715.0	4.0
4Ipmi2u1eQ45RaYk4Rl512	Blank Marquee	0.849	0.77	9.0	-6.054	1.0	0.058	0.404	0.000213	0.15	0.889	113.324	audio_features	220773.0	4.0
1P9KFw6u4vX7hbFcFZd1yL	Love Me Like (feat. DUCKWRTH)	0.868	0.58	5.0	-9.575	0.0	0.276	0.713	0.00297	0.105	0.48	117.998	audio_features	164746.0	4.0
2WwwfnTUm4yUK8stRMPd7V	Pink Youth	0.732	0.886	6.0	-5.445	0.0	0.0994	0.239	0.000308	0.779	0.602	113.498	audio_features	240880.0	4.0
4K9cCtDfk9pr6EGFzl0ec8	Intentions	0.84	0.689	8.0	-6.306	1.0	0.165	0.0111	0.0022	0.106	0.54	116.97	audio_features	223301.0	4.0
0E8GYDcN69ahYTUEQMTHNr	all of your love	0.633	0.755	11.0	-5.616	0.0	0.0508	0.0478	0.00184	0.0854	0.765	79.998	audio_features	218715.0	4.0
4AvOXTQ2semU5FAmtl8vtk	Only You	0.692	0.827	5.0	-2.604	1.0	0.0331	0.136	0.000563	0.0761	0.628	84.931	audio_features	194072.0	4.0
4rnriM1hFyeRrdRQSZd9uA	Positions	0.639	0.535	1.0	-7.714	1.0	0.0596	0.489	0.00126	0.109	0.321	84.975	audio_features	146824.0	4.0
3tBOduABygszf71Q5e8Rpk	Lies	0.708	0.808	7.0	-6.36	0.0	0.0294	0.114	0.351	0.162	0.315	105.039	audio_features	168640.0	4.0
54pog56aKXKPjvSLNVpE61	High Up	0.623	0.503	1.0	-9.289	0.0	0.212	0.571	0.0371	0.11	0.391	197.689	audio_features	180576.0	4.0
2xQAAd2pCT7q2HlWffAaMh	Vibrant	0.776	0.777	9.0	-4.431	0.0	0.107	0.036	0.0	0.368	0.738	98.024	audio_features	248414.0	4.0
5G7602PyF33hYDi4utEpoZ	Shibuya	0.743	0.519	4.0	-11.383	0.0	0.0617	0.137	0.55	0.0502	0.737	93.005	audio_features	144516.0	4.0
68j5DYmCikBzcp60Sv6xWO	All I Need (with Mahalia & Ty Dolla $ign)	0.485	0.492	5.0	-6.462	0.0	0.331	0.425	0.0	0.105	0.876	78.001	audio_features	243787.0	4.0
60mKQHD4tf5NrzconZVeyV	Black Love	0.747	0.562	11.0	-7.084	0.0	0.0586	0.0366	6.3e-05	0.107	0.491	101.022	audio_features	232871.0	4.0
1BkK2fQUGALz7AaOSo7Swh	Love You Bad (feat. Phoelix)	0.775	0.767	6.0	-6.545	0.0	0.1	0.0201	0.18	0.171	0.646	89.553	audio_features	168203.0	4.0
5Jq958VQwRyQFujau4TMKD	No Drama	0.708	0.815	5.0	-4.164	0.0	0.0692	0.166	0.0	0.523	0.855	174.024	audio_features	204828.0	4.0
21N4Buj4xsyLb218lYle61	Chica Ideal	0.574	0.891	0.0	-3.665	0.0	0.157	0.0847	0.0	0.16	0.707	100.978	audio_features	183240.0	4.0
7CBAjE0eP3ouV8ddJa5U1b	Distortion (feat. Alissa White-Gluz)	0.375	0.965	10.0	-2.294	0.0	0.114	5.89e-05	0.183	0.229	0.274	195.005	audio_features	186959.0	4.0
1UdgukmDofndyCUEBBqDhB	Night Night Burn!	0.571	0.995	9.0	-1.055	1.0	0.161	0.000315	0.276	0.229	0.376	137.98	audio_features	222626.0	4.0
3aK0rnYRvQPGV1W49NGWum	Надежда	0.794	0.527	0.0	-8.942	0.0	0.117	0.264	0.0	0.115	0.383	154.994	audio_features	199000.0	4.0
1ub1mjaj5QG9fdaCIBSPsH	This Day (feat. Kiana Ledé) - from the Netflix Original Motion Picture Jingle Jangle	0.537	0.768	8.0	-4.933	1.0	0.146	0.0913	0.0	0.252	0.5	173.81	audio_features	228407.0	4.0
0EzLAm646noMmidMnsa0qi	nerenai All night	0.914	0.388	9.0	-8.273	0.0	0.0718	0.459	5.88e-05	0.0943	0.77	120.044	audio_features	280000.0	4.0
5nWVyZaCwtfAkBnwDuXjBh	Spicy (feat. Post Malone)	0.784	0.496	7.0	-5.746	1.0	0.0435	0.14	0.0	0.113	0.132	100.002	audio_features	144028.0	4.0
39SboXkBJEAfjYSmVmvNbc	DA DA DANCE (feat. Tak Matsumoto)	0.411	0.991	6.0	-2.212	0.0	0.199	1.14e-05	0.654	0.334	0.141	154.028	audio_features	231906.0	4.0
6a51sCiFIP84K75HXhMei3	Chloe	0.642	0.752	11.0	-5.645	1.0	0.0374	0.0212	0.105	0.0823	0.608	90.0	audio_features	163733.0	4.0
1FhxEhPZpBBOJTDwSf6MA5	Borderline	0.545	0.429	2.0	-7.925	0.0	0.0278	0.581	0.000335	0.113	0.364	98.957	audio_features	312459.0	4.0
7nSQVXfTMdudM8GFDlFRIL	涙の上海ナイト	0.609	0.858	5.0	-3.551	0.0	0.0339	0.000995	8.25e-06	0.093	0.558	112.048	audio_features	273053.0	4.0
4hFlb6RYsw1ltVb11HGffH	青春の胸騒ぎ	0.611	0.844	2.0	-4.854	1.0	0.028	0.207	0.000237	0.298	0.584	95.039	audio_features	255120.0	4.0
6VQP6MdDTh6oVkVRnZ8qPx	↑↓←→BBAB	0.428	0.959	6.0	-3.319	0.0	0.107	0.00587	0.00645	0.159	0.351	174.947	audio_features	185772.0	4.0
5WsDRf1ldzeP97rs7lhSDi	Pain In The Ass - Original Mix	0.84	0.453	1.0	-10.828	1.0	0.0612	0.00146	0.419	0.0799	0.353	119.004	audio_features	400373.0	4.0
5VBMFkU9emR1HDLPoXuOUQ	See You Later	0.729	0.646	9.0	-6.046	0.0	0.0452	0.0682	0.000481	0.0484	0.543	82.49	audio_features	200712.0	4.0
125xVO8x8bhBrt3QTFvUuG	Don't make me rush to be fine.	0.553	0.479	5.0	-9.39	0.0	0.0595	0.191	0.00239	0.126	0.173	79.831	audio_features	186967.0	4.0
3YWd1MonMJ0syt6q1Mqt8k	That's My Baby	0.7	0.732	8.0	-3.967	1.0	0.0399	0.21	0.0	0.38	0.636	104.963	audio_features	195693.0	4.0
54XxTosINnqCQEsS8TvFPr	Maybe	0.658	0.783	0.0	-4.846	1.0	0.16	0.0706	1.97e-06	0.393	0.539	100.008	audio_features	277143.0	4.0
3OREiYBiC7wSpOLukQMDZR	Hurt	0.675	0.38	4.0	-8.622	0.0	0.0315	0.715	0.000201	0.174	0.7	94.92	audio_features	216095.0	4.0
1b7TYKwABkacRzPqSErH9u	Stranger (feat. Saba & Jarreau Vandal)	0.784	0.531	5.0	-7.756	1.0	0.041	0.338	2.26e-05	0.0996	0.188	87.982	audio_features	219452.0	4.0
24KUvSg9QsX6FWsOmN0ZxP	Stickin' (feat. Masego & VanJess)	0.668	0.45	8.0	-8.257	0.0	0.314	0.0722	0.0	0.109	0.633	82.999	audio_features	188806.0	4.0
7lv2uSWG8eJGiHssAlMQ12	Golden Ticket (feat. Masego & Common)	0.712	0.672	10.0	-8.38	1.0	0.18	0.0546	9.89e-06	0.617	0.597	97.964	audio_features	218787.0	4.0
4vNOj7chCamVcOTe1MjAAN	Touch the Floor (feat. Masego)	0.842	0.68	4.0	-8.038	0.0	0.276	0.132	1.56e-05	0.0533	0.628	104.952	audio_features	254800.0	4.0
7zAyHgXFlmxz5TpqwAW3Pz	Time Off	0.486	0.396	7.0	-11.487	0.0	0.104	0.305	1.92e-06	0.0695	0.506	79.013	audio_features	256500.0	4.0
1BuN2kMDQrXhS73RrTNRyY	Alone	0.467	0.546	2.0	-8.772	1.0	0.0974	0.267	0.0189	0.117	0.104	75.009	audio_features	224468.0	4.0
1c5CllrZr45UBhWpIqM332	Funny Thing	0.586	0.893	7.0	-8.772	1.0	0.439	0.827	0.642	0.212	0.65	140.023	audio_features	116630.0	3.0
7ALkpuavOZN3vzaQVsJogk	爽健美茶のラップ	0.777	0.897	4.0	-3.894	1.0	0.0684	0.0486	7.48e-06	0.0972	0.85	122.017	audio_features	206058.0	4.0
7IfRwfHJrfUq2h0FRpYsPZ	ROOM205 (feat. 森心言)	0.788	0.619	0.0	-5.112	1.0	0.0731	0.325	0.113	0.1	0.698	84.006	audio_features	245694.0	4.0
4vRQg5xR0SXriGkpa2nEst	HAPPOUBIZIN (feat. なみちえ)	0.824	0.525	9.0	-9.247	0.0	0.286	0.708	0.000749	0.148	0.421	89.979	audio_features	229156.0	4.0
13M8jXMGKe2lziMAzCI8Eo	TOTSUKA (feat. サイプレス上野)	0.838	0.588	7.0	-7.517	1.0	0.135	0.237	0.00224	0.0608	0.697	92.995	audio_features	225146.0	4.0
3ZJKtP0HZU2QOk2LvlHVhd	rhythm	0.652	0.706	11.0	-5.705	1.0	0.0811	0.127	0.0	0.0831	0.673	88.952	audio_features	224627.0	4.0
50XwYMXbc3z8W3g21SIucz	ありあまる富	0.415	0.628	2.0	-4.85	1.0	0.0285	6.4e-05	0.642	0.159	0.368	154.093	audio_features	341027.0	4.0
0k8qmw9xzqd8X6UPHye7VF	秘密	0.674	0.641	9.0	-6.484	0.0	0.0337	0.535	1.34e-06	0.0796	0.839	87.994	audio_features	276147.0	4.0
3b03LRkmynJmdBKRKRDZZq	ひみつ	0.834	0.633	9.0	-4.95	1.0	0.069	0.0473	0.0	0.109	0.548	117.983	audio_features	199320.0	4.0
4SzsM9m2DRmh1PrDstow8Y	On and On	0.565	0.821	1.0	-5.074	1.0	0.0388	0.239	4.31e-05	0.191	0.492	87.941	audio_features	232480.0	4.0
2AyzxOw81jO9YdlEkLc46T	Summer Time	0.814	0.635	11.0	-5.923	0.0	0.0515	0.192	0.0	0.0748	0.586	99.992	audio_features	169963.0	4.0
5dVUSdsePmEKkq4ryfrobU	Excuse Me Mr Sir (feat. Vargas & Lagola)	0.464	0.672	2.0	-6.064	1.0	0.0727	0.127	0.00299	0.322	0.492	114.708	audio_features	187753.0	3.0
5PG3h38oiQLEJlOuOvIs80	Still Not a Player (feat. Joe)	0.902	0.614	4.0	-6.529	0.0	0.289	0.184	0.000742	0.0867	0.862	94.069	audio_features	236907.0	4.0
7dId1qth3Tv3fLHFbL3NCb	Big A$AP (feat. Monica)	0.439	0.721	5.0	-4.191	0.0	0.268	0.249	0.0	0.135	0.578	188.182	audio_features	200846.0	4.0
4MlEFAvTGtsJw6CGvePq8H	UNBOUND	0.737	0.644	11.0	-6.469	1.0	0.0845	0.352	0.0	0.224	0.734	166.089	audio_features	161892.0	4.0
5G1tZ7WSNHmvu5mzs3BpQe	My Girl	0.624	0.54	9.0	-9.831	1.0	0.0501	0.037	0.822	0.058	0.665	107.047	audio_features	265056.0	4.0
3SoTOsQInRtwfcoEO3aqvF	Thinkin’	0.788	0.53	3.0	-7.051	0.0	0.0575	0.749	1.79e-06	0.0981	0.517	157.961	audio_features	211010.0	4.0
3HbyFbxDryIfoWrS6GXuBw	HONEY	0.493	0.753	2.0	-3.352	0.0	0.0514	0.0579	0.0	0.219	0.409	99.812	audio_features	187120.0	4.0
6B0vefz8IsYUZ8zBNXhzeP	Dilemma	0.601	0.596	0.0	-6.794	1.0	0.0466	0.603	0.0	0.216	0.495	159.936	audio_features	255667.0	4.0
0Ydm8SHHu3uwEW8g9OrJJ1	Flow	0.69	0.82	0.0	-4.674	0.0	0.0333	0.147	0.0	0.0794	0.95	130.001	audio_features	238600.0	4.0
1nxlRYbM2Ral4im0LExtZY	Entre Tú y Yo	0.854	0.669	9.0	-5.206	0.0	0.0617	0.288	0.0	0.221	0.484	120.023	audio_features	224000.0	4.0
1mVLbFwad1wce7mAhFw2Ih	Pininfarina - Remix	0.748	0.767	1.0	-6.239	0.0	0.0424	0.21	0.0	0.108	0.428	89.982	audio_features	260788.0	4.0
7aGyRfJWtLqgJaZoG9lJhE	Mad at Disney	0.738	0.621	0.0	-7.313	1.0	0.0486	0.424	7.39e-06	0.692	0.715	113.968	audio_features	136839.0	4.0
0qUcpOOna3kkrwfqky85e1	Eyes Blue Like The Atlantic (feat. Subvrbs)	0.768	0.339	0.0	-13.169	1.0	0.777	0.608	0.000956	0.261	0.568	76.229	audio_features	154599.0	4.0
6AGOKlMZWLCaEJGnaROtF9	Put Your Records On	0.399	0.491	6.0	-10.778	0.0	0.0538	0.0563	0.00089	0.11	0.151	91.066	audio_features	210463.0	4.0
0ofHAoxe9vBkTCp2UQIavz	Dreams - 2004 Remaster	0.828	0.492	0.0	-9.744	1.0	0.0276	0.0644	0.00428	0.128	0.789	120.151	audio_features	257800.0	4.0
4mEE1sgASBLQFIYrNuwTHp	元気を出して	0.629	0.359	8.0	-8.39	1.0	0.0246	0.62	0.00058	0.096	0.358	92.046	audio_features	228640.0	4.0
7aNskA12TmVY2SOnwc6gSq	Heaven's Drive	0.429	0.624	10.0	-5.294	1.0	0.0804	0.0899	0.0	0.276	0.495	133.236	audio_features	214200.0	5.0
2oap3QptGISyIvwKpnJJId	Experience	0.614	0.809	9.0	-4.749	1.0	0.0738	0.0105	0.000353	0.148	0.354	112.023	audio_features	176774.0	4.0
1Wm7LvVqTAHr1osjNKuTtq	Tied Up - Kenny Dope Remix	0.699	0.903	5.0	-6.761	0.0	0.0416	0.041	0.286	0.315	0.837	123.998	audio_features	175601.0	4.0
61I55PGFac6DCxsnEmC5eo	Unapologetic Raver	0.721	0.891	2.0	-7.115	1.0	0.148	0.0236	0.00489	0.138	0.575	126.974	audio_features	213020.0	4.0
1bRjwdtScY2eMe9uMmsOkG	Do It	0.701	0.668	5.0	-7.287	0.0	0.0516	0.0916	2.09e-06	0.111	0.553	82.978	audio_features	176787.0	4.0
6lsqUQMAwyZaeXBQP6abn3	goodbye bad times	0.806	0.45	6.0	-6.253	1.0	0.0373	0.36	0.0	0.125	0.502	124.89	audio_features	250048.0	4.0
6mnnWzRl1C6LABvoUar9tF	Jaguar	0.723	0.628	6.0	-7.41	1.0	0.0553	0.00902	0.00131	0.0812	0.364	106.017	audio_features	211115.0	4.0
41OXRpiGtbvAIM8ZyA4ud1	Swing My Way	0.7	0.829	6.0	-5.032	1.0	0.167	0.0314	0.0	0.161	0.869	97.924	audio_features	189187.0	4.0
3Xqo6dokyhTnMfcrzLDjI3	Bad Bad	0.701	0.688	7.0	-5.963	1.0	0.25	0.301	0.00555	0.0325	0.832	172.012	audio_features	225653.0	4.0
1IIKrJVP1C9N7iPtG6eOsK	Go Crazy	0.755	0.578	0.0	-8.932	0.0	0.145	0.316	0.0	0.25	0.581	94.148	audio_features	176960.0	4.0
2nEtO9rjPRhfKNgQGaLusc	All In You	0.551	0.728	4.0	-5.721	1.0	0.0402	0.0547	0.0	0.129	0.243	167.203	audio_features	142581.0	4.0
1bzHZRL513pHVC9oEwQ0aL	Play Fight (with Tinashe)	0.733	0.744	7.0	-3.505	1.0	0.0309	0.161	0.0	0.0389	0.667	93.979	audio_features	194541.0	4.0
1dLXLETYiZohIZWnse4ypG	Better	0.637	0.418	2.0	-7.137	1.0	0.301	0.353	0.0	0.131	0.0807	84.295	audio_features	174517.0	4.0
2n2NOfAlyXJ93A9t5AJo66	Upside Down	0.583	0.435	0.0	-10.174	1.0	0.172	0.0956	0.00227	0.138	0.478	99.85	audio_features	224565.0	4.0
58AGoOGbwsQMhBbH0eFLRR	Over Now (with The Weeknd)	0.612	0.884	4.0	-4.113	0.0	0.0454	0.0759	0.00132	0.247	0.679	178.043	audio_features	210795.0	4.0
6vDopgsjeZRye4Rml3ddoK	Floating	0.39	0.501	1.0	-8.258	1.0	0.0596	0.0468	7.67e-06	0.0879	0.448	131.112	audio_features	241031.0	4.0
5qdTTy2EtCQ33s60U9vTOJ	CAKE	0.78	0.677	11.0	-5.438	0.0	0.0644	0.123	1.39e-06	0.108	0.656	107.003	audio_features	214533.0	4.0
3bl0y3T2fVriJZNsNskcDV	Rebirth	0.691	0.885	7.0	-2.971	1.0	0.069	0.271	0.0	0.194	0.708	117.027	audio_features	292793.0	4.0
70ZX6ChxUOpaQbtuZQMuKG	Till The End	0.717	0.636	5.0	-7.194	0.0	0.0697	0.0893	5.79e-05	0.0735	0.604	98.962	audio_features	190909.0	4.0
0i2ciTs0tdMlOxggJrQkAM	I'm free	0.787	0.654	5.0	-6.204	0.0	0.0428	0.109	0.000197	0.0585	0.547	104.035	audio_features	199880.0	4.0
2RxZfHtvcfMrmrhWc8WQTn	Pink Jewelry Dream	0.817	0.835	5.0	-4.075	1.0	0.0707	0.557	0.00197	0.0911	0.823	115.025	audio_features	242174.0	4.0
0HyzJ27UXPvOfSbWTSAS9Z	Brown Sugar	0.738	0.777	6.0	-5.723	0.0	0.0545	0.0279	0.0	0.265	0.573	110.951	audio_features	252973.0	4.0
1LEHndIydBAjB5ZSQqxPH5	Love Is Religion (The Blessed Madonna Remix)	0.807	0.805	0.0	-5.556	1.0	0.099	0.038	1.13e-06	0.495	0.932	121.979	audio_features	220147.0	4.0
6cx06DFPPHchuUAcTxznu9	Head & Heart (feat. MNEK)	0.734	0.874	8.0	-3.158	1.0	0.0662	0.168	1.14e-05	0.0489	0.905	122.953	audio_features	166028.0	4.0
0id7TrBjYYzQ5v5mHWTUxC	Follow (with Jeremih)	0.68	0.761	0.0	-6.142	1.0	0.0288	0.00485	0.00139	0.0644	0.361	124.981	audio_features	205440.0	4.0
5HFPK8mcO6BGPZNeZPZI5L	Fire (with Elderbrook)	0.584	0.865	8.0	-5.951	1.0	0.0321	0.00112	0.433	0.122	0.0743	126.003	audio_features	163968.0	4.0
5KoSPc7IFbgJNeEbJShTWj	Sweeter Love (DJ ISHIJIMA MIX)	0.779	0.723	11.0	-8.305	0.0	0.0432	0.067	0.69	0.104	0.582	126.035	audio_features	280005.0	4.0
5DktNfoWhnFRzXFRTAJJXT	THINK ABOUT ME	0.614	0.42	5.0	-11.832	0.0	0.0502	0.643	1.67e-06	0.116	0.311	91.96	audio_features	199735.0	4.0
6aESAPmAzYNfUAv8gp6F8j	PLASTIC	0.761	0.45	7.0	-7.558	0.0	0.113	0.367	0.0	0.0585	0.659	140.034	audio_features	206720.0	4.0
3yzHuJPi23OSwDknbt7iz4	24 hours	0.863	0.522	3.0	-7.59	1.0	0.116	0.216	0.0	0.207	0.765	137.03	audio_features	220730.0	4.0
0z9lOAVgQT5bysEKZ6Wwbk	"Dus Bahane 2.0 (From ""Baaghi 3"") (feat. K.K., Shaan, Tulsi Kumar)"	0.807	0.914	7.0	-5.092	1.0	0.069	0.0411	0.00105	0.292	0.463	114.039	audio_features	201655.0	4.0
52zq2a71SGs3f1vJuv59ui	Como Llora	0.827	0.629	6.0	-3.966	0.0	0.185	0.183	0.0	0.084	0.486	88.064	audio_features	187500.0	4.0
4cno0k9jDEFpLAQyHNjqVx	Tócame (feat. Arcangel & De La Ghetto)	0.785	0.74	1.0	-5.374	1.0	0.172	0.0205	8.28e-05	0.22	0.746	100.057	audio_features	166265.0	4.0
2btKz4s1XrMn5VHe7xZJpi	Que Mal Te Fue	0.782	0.706	7.0	-4.337	0.0	0.19	0.0941	0.000208	0.115	0.855	173.899	audio_features	212907.0	4.0
0ODkm4p0tSTwbaVYCRd8kM	プラスティックラブ	0.771	0.68	5.0	-6.028	0.0	0.208	0.0618	0.0	0.156	0.909	102.051	audio_features	218347.0	4.0
4B8hyy8Q6OlOJr8T6VtDxK	Real Lovin’	0.797	0.528	11.0	-7.838	0.0	0.0575	0.426	0.0	0.103	0.806	105.993	audio_features	206038.0	4.0
6IJbAHQM9VQyi8iUBoTAFW	smell	0.72	0.617	11.0	-8.894	0.0	0.076	0.15	3.95e-06	0.143	0.707	115.027	audio_features	210862.0	4.0
1zmtk3HOEsU9U0zoQq2zg9	Gary's House - DJ Holographic Remix	0.698	0.869	11.0	-6.883	0.0	0.0505	0.00472	0.0696	0.508	0.957	123.0	audio_features	261675.0	4.0
4M6F6hNpsFvPX8qYOZRoMk	Midnight Dreamin'	0.733	0.736	4.0	-5.282	1.0	0.0473	0.414	0.0	0.103	0.835	97.996	audio_features	203601.0	4.0
6fWJpcuGaLe7sPlyoonWbO	You Won't See Me Cry - Crackazat Remix	0.86	0.678	5.0	-5.024	1.0	0.0645	0.268	0.058	0.115	0.49	119.894	audio_features	216540.0	4.0
6Bbi14HUcg6FZdMsDLIFsl	Dear Idiot	0.779	0.566	7.0	-7.277	1.0	0.0995	0.107	2.08e-05	0.132	0.619	89.998	audio_features	142000.0	4.0
2z0di6fvUFxYNPQ77leiRJ	Shibuya	0.771	0.488	2.0	-9.762	1.0	0.165	0.591	0.163	0.134	0.481	95.969	audio_features	158769.0	4.0
0qzB7PfNni5yUyMf5rf087	Fake Smiles	0.662	0.574	9.0	-10.565	0.0	0.0486	0.149	0.00587	0.0707	0.175	116.034	audio_features	239815.0	4.0
3QNG9RhD93ypeMp3DUmkaO	Be Kind (with Halsey) [Surf Mesa Remix]	0.684	0.677	4.0	-5.398	1.0	0.0426	0.0305	0.0	0.093	0.494	113.12	audio_features	174289.0	4.0
7qrO2oI0A9DW6wQPjSADxx	Say So (Jax Jones Midnight Snack Remix)	0.798	0.51	11.0	-10.074	0.0	0.064	0.448	0.00312	0.094	0.401	121.923	audio_features	210492.0	4.0
1camFvxeIWoou6KQ5sZJHk	RIDE ON WEEKEND	0.627	0.812	0.0	-5.091	1.0	0.0328	0.108	0.0	0.365	0.717	118.039	audio_features	291833.0	4.0
27BaEIdWB7R7nIIfKouUf8	愛が止まらない ~Turn It Into Love~	0.717	0.835	2.0	-6.373	0.0	0.03	0.0475	3.43e-06	0.14	0.515	116.01	audio_features	221509.0	4.0
2lWfROZYuJQ5zDM5VRuhUO	Save Room For Us - Remix	0.811	0.649	6.0	-5.754	0.0	0.0756	0.0298	0.0147	0.0932	0.546	122.982	audio_features	161098.0	4.0
5oOmG6cO0QwxuFvjC8X6nq	So over It - Golf Clap Remix	0.755	0.773	10.0	-6.601	0.0	0.19	0.0566	0.0014	0.566	0.595	118.008	audio_features	244897.0	4.0
03lF730jb1OSI82dl8z8qb	OneFourThree - Remix	0.792	0.601	6.0	-8.675	1.0	0.0874	0.481	0.00303	0.122	0.534	108.99	audio_features	227773.0	4.0
5kQre7o8ky5DXeEPcyaCR1	Carita de Inocente (feat. Myke Towers) - Remix	0.565	0.781	10.0	-3.358	0.0	0.061	0.364	0.0	0.0984	0.943	129.959	audio_features	192698.0	4.0
7qdo6JOOaaY9LadOAhfXq7	Let's Get Down	0.907	0.645	7.0	-4.38	1.0	0.0976	0.043	0.0	0.18	0.562	103.312	audio_features	299507.0	4.0
3lRgzwd3g1TewI4zjgbh9V	Sensitivity	0.683	0.661	1.0	-12.823	1.0	0.0459	0.137	0.557	0.0772	0.707	96.956	audio_features	281333.0	4.0
3xRbymJj98leHL7K8Y94WS	She's Playing Hard To Get	0.525	0.811	1.0	-6.148	1.0	0.0602	0.00847	0.0	0.266	0.751	199.977	audio_features	276573.0	4.0
6AzKhCHOms83jvNVLsz0Bt	Djadja (feat. Maluma) - Remix	0.791	0.682	5.0	-7.328	1.0	0.158	0.175	0.0	0.0926	0.672	98.031	audio_features	166851.0	4.0
4HYDUMY0xSpeBr0AMY9cUz	La Curiosidad	0.845	0.677	11.0	-4.798	0.0	0.136	0.269	0.000917	0.108	0.68	90.013	audio_features	219048.0	4.0
2ZQa7vyK2HdSi1UxpXn888	JOY	0.698	0.968	6.0	-3.871	1.0	0.0331	0.00941	0.0203	0.091	0.815	121.039	audio_features	263133.0	4.0
1bFo82vSD0XeUfPyQEV8ec	Anywhere You Go (feat. Timmy Trumpet)	0.634	0.689	0.0	-4.942	1.0	0.0265	0.00527	0.19	0.187	0.367	121.986	audio_features	185164.0	4.0
0EudqIdrpZjHZ1pnSuBKgA	Sirens	0.667	0.884	11.0	-6.304	0.0	0.0498	0.12	0.234	0.1	0.189	125.023	audio_features	255520.0	4.0
0B5HGVasHP4YTRd93W1F0N	Ya Baladi	0.727	0.411	6.0	-14.115	0.0	0.0375	0.111	0.211	0.193	0.416	100.011	audio_features	153600.0	4.0
7DrM4PoqFErZ2sUvV4mb8e	The Way Out	0.687	0.766	10.0	-7.13	1.0	0.197	0.0325	0.668	0.226	0.609	119.99	audio_features	210686.0	4.0
20XjdVfh6kFATmgm7T0C5r	Fade Out	0.706	0.68	4.0	-4.65	0.0	0.0424	0.118	0.0	0.0443	0.728	105.977	audio_features	196667.0	4.0
3iQNkoYyr2SffgYiTpE3v5	Without You	0.7	0.958	1.0	-2.729	1.0	0.054	0.00264	0.00704	0.18	0.163	127.893	audio_features	190729.0	4.0
6J2XHbgCdJEGU5j1Hn7mJ7	Dope	0.806	0.727	4.0	-5.971	1.0	0.122	0.0186	0.0066	0.258	0.578	107.979	audio_features	139972.0	4.0
4C9E3VTJIbCsbsBJeejSm6	Ooooweeee	0.863	0.678	0.0	-5.045	0.0	0.15	0.0581	7.08e-06	0.367	0.428	93.99	audio_features	149238.0	4.0
06T28LuiQodyGuICCqBzLC	Joyride - KM Remix	0.645	0.92	1.0	-4.433	1.0	0.105	0.146	0.826	0.129	0.307	174.014	audio_features	222518.0	4.0
4vvX7eIJizaridhzQQ1kUq	Mother - CPEN Remix	0.687	0.831	2.0	-7.262	1.0	0.0445	0.00148	0.771	0.0959	0.374	126.019	audio_features	308571.0	4.0
6zLkgyonVkJfaWhsDSbgCm	Krazy (feat. Afronaut Zu)	0.877	0.89	5.0	-5.247	0.0	0.06	0.00879	0.691	0.0885	0.932	130.009	audio_features	165512.0	4.0
0T2rDvyjIhZtoehfg5jvrg	We Got That Cool (feat. Afrojack & Icona Pop) - Chico Rose Remix	0.765	0.608	11.0	-5.233	1.0	0.0354	0.00229	0.000696	0.185	0.539	126.003	audio_features	188407.0	4.0
0n7Qqb6srcdrfJcaI69vkp	Aquiver	0.727	0.748	5.0	-6.72	0.0	0.0325	0.0314	0.83	0.199	0.387	123.997	audio_features	267780.0	4.0
1ZrRoEWLj3As9cmHvAeXop	Soul Conversation - Main Mix [Mixed]	0.73	0.594	1.0	-12.426	0.0	0.151	0.053	0.251	0.0999	0.735	119.993	audio_features	304000.0	4.0
3etPIFrzmwlkThpXeUIbG9	So Good	0.727	0.92	0.0	-6.296	1.0	0.0503	0.00248	0.0784	0.341	0.597	124.983	audio_features	308224.0	4.0
6eW9y2z5RnOllEwl59bjGy	Blue Essay	0.733	0.64	7.0	-13.196	0.0	0.04	0.627	0.898	0.066	0.142	119.995	audio_features	296000.0	4.0
6op44JmbJAm4NvixaHrJhE	Dove Sei - Original Vinyl Only Version	0.821	0.378	3.0	-11.002	0.0	0.0558	0.000717	0.918	0.662	0.522	115.012	audio_features	346400.0	4.0
27TU0NOnyXKCSN4RsYJKmO	Think About It	0.749	0.781	8.0	-7.173	1.0	0.0359	0.00873	0.00191	0.0422	0.716	111.025	audio_features	230063.0	4.0
3K2zyJhcnMMA6yOdR6hOW7	ラビリンス	0.695	0.614	6.0	-8.382	1.0	0.0344	0.0796	0.00229	0.364	0.493	121.975	audio_features	294000.0	4.0
45hEz9nWuc8IgUEwY53l4k	Everything	0.633	0.8	11.0	-7.324	1.0	0.0778	0.355	0.0157	0.21	0.505	96.445	audio_features	166263.0	4.0
4PEbNdnFtpko90iC0W9I2u	Be Real	0.786	0.581	2.0	-9.401	1.0	0.0773	0.653	0.00144	0.0693	0.687	99.995	audio_features	226223.0	4.0
086LXhF8zjtpNbpVhGryF2	Automatic	0.718	0.826	0.0	-6.763	0.0	0.0364	0.048	0.361	0.146	0.546	105.01	audio_features	276693.0	4.0
4m4CHc7lrR7kq3yo5ZOmoo	Do My Best - Better Daze Edit	0.655	0.473	0.0	-11.407	1.0	0.0414	0.778	0.137	0.0972	0.19	107.977	audio_features	273063.0	4.0
3uYAZFug8VpS5RuTcqrEmJ	Ocean Deep	0.78	0.653	7.0	-8.595	1.0	0.0436	0.373	0.813	0.125	0.377	117.995	audio_features	266164.0	4.0
4spfk3QA3CL2RfWXVYgDRn	Is This A Game	0.842	0.486	5.0	-7.278	1.0	0.0406	0.211	0.0507	0.07	0.463	109.98	audio_features	188467.0	4.0
6HDrV5EddvvXlyxMWqfLsF	TAKE TO THE SKY	0.643	0.922	11.0	-5.829	0.0	0.0423	0.0021	0.0958	0.321	0.852	128.016	audio_features	365800.0	4.0
3PfIrDoz19wz7qK7tYeu62	Don't Start Now	0.793	0.793	11.0	-4.521	0.0	0.083	0.0123	0.0	0.0951	0.679	123.95	audio_features	183290.0	4.0
36RGU7buus2UUtrPZ78hkR	Cherry	0.576	0.79	3.0	-3.463	1.0	0.0509	0.0129	4.69e-06	0.344	0.629	102.033	audio_features	205224.0	4.0
4C9DiRUDbryWo0FRjozaoo	Man To Man	0.68	0.651	5.0	-5.495	0.0	0.0404	0.613	3.24e-06	0.111	0.555	91.993	audio_features	197758.0	4.0
10pb48uTPwADEC9yb7j2ty	Got My Number	0.778	0.777	1.0	-4.805	1.0	0.0879	0.0134	0.0	0.294	0.565	105.008	audio_features	174644.0	4.0
5EUNHotUvWf9m7of1SWkO5	Laguna Nights	0.691	0.565	1.0	-6.614	1.0	0.0363	0.00616	0.0	0.152	0.27	125.995	audio_features	254306.0	4.0
19IdewY37huqSMym3NBEFh	Last Call	0.627	0.816	10.0	-7.352	0.0	0.192	0.372	0.000524	0.104	0.549	123.883	audio_features	206125.0	4.0
3UwKfXx1SdJSxnzG2gYkgc	On My Way Home	0.77	0.351	11.0	-13.613	0.0	0.0438	0.685	0.894	0.0894	0.711	90.007	audio_features	194337.0	4.0
2JCgXJHy2o9JRMMvKOYZ1O	Time After Time	0.682	0.826	0.0	-6.361	1.0	0.0335	0.0259	1.27e-05	0.2	0.256	118.963	audio_features	284793.0	4.0
5b6ZcC3q855F3Sv1rV9jsF	Rainbow Town	0.737	0.634	10.0	-6.521	1.0	0.224	0.813	0.00985	0.145	0.607	95.044	audio_features	238287.0	4.0
66yhlgEIsoUY4jIC9eeWcc	Fall For You (Sandy Rivera's Classic Mix) [Moodymann Edit] - Mixed	0.843	0.412	7.0	-10.551	0.0	0.044	0.0097	0.00835	0.116	0.644	124.452	audio_features	192653.0	4.0
4je4H1OkxCONOTnoWuAlX1	Criminal Suspect (feat. April Morgan) - Demo Cut	0.635	0.8	2.0	-7.565	0.0	0.0348	0.0399	1.4e-06	0.205	0.329	120.095	audio_features	234412.0	4.0
0i35BxpBkNXHT8zyD5z0Yr	Sail Away - Bondax Remix	0.809	0.594	10.0	-8.952	0.0	0.0902	0.00157	0.837	0.0723	0.804	116.997	audio_features	280942.0	4.0
0UsgQElSurvhKAuosIcIT1	Venice	0.842	0.598	5.0	-7.337	0.0	0.0737	0.0718	0.00107	0.13	0.531	115.006	audio_features	196174.0	4.0
08tOrQSRvC1Iek9DSxGUQ9	Smiling Into Eternity	0.804	0.676	7.0	-12.365	1.0	0.0645	0.346	0.892	0.155	0.521	122.996	audio_features	413003.0	4.0
6K9FwSKOvILs2MrY8DaKsR	This Is Good	0.82	0.671	1.0	-7.604	0.0	0.0821	0.427	0.000893	0.0644	0.599	104.968	audio_features	203429.0	4.0
77dcmf2tTedc3BuOPF13Ma	We don’t talk together	0.64	0.734	11.0	-4.67	0.0	0.0381	0.039	0.0	0.333	0.308	97.862	audio_features	199216.0	4.0
5BHmmrevQYlWpPtTSn6k3d	imaginary boi	0.779	0.898	6.0	-5.957	1.0	0.0866	0.164	0.00485	0.299	0.739	120.008	audio_features	183000.0	4.0
4oHcqir3Q8Rr8x7xJiGao4	「あの娘は誰?」とか言わせたい	0.818	0.581	2.0	-8.093	1.0	0.0316	0.0908	0.565	0.0897	0.578	116.504	audio_features	279120.0	4.0
2jSGTu9ghLrJsN4BjOM5yj	fallin' - AmPm remix	0.714	0.724	6.0	-5.97	1.0	0.0455	0.345	0.0014	0.126	0.597	117.98	audio_features	239640.0	4.0
0I1jpEfKEjBH80PBVYtXKi	CURIOSITY (Ko-Matsushima & Erich Logan Remix)	0.628	0.906	7.0	-4.827	1.0	0.124	0.00767	0.903	0.0489	0.235	127.987	audio_features	333000.0	4.0
4fQIcTTnyFqcszbtSOpnUI	確信MAYBE - Kenichiro Nishihara Remix	0.717	0.758	0.0	-5.063	0.0	0.0277	0.0778	0.0	0.0636	0.661	117.968	audio_features	232733.0	4.0
3FRjxs9WRVDH7jigPjxzAX	Дом	0.8	0.592	11.0	-8.845	0.0	0.0683	0.0558	1.44e-06	0.341	0.685	87.993	audio_features	150170.0	4.0
4cX15DHo6jR2b5oE4zp28t	It's a small world	0.757	0.765	1.0	-4.205	1.0	0.0878	0.22	9.7e-05	0.0513	0.952	92.999	audio_features	193893.0	4.0
3E0kCI0FC4cq460pNYqsTr	こんな夜更けは	0.796	0.504	11.0	-5.201	1.0	0.0476	0.313	4.24e-05	0.343	0.688	96.957	audio_features	232760.0	4.0
4zgR7yjvWMUjaSLuUTSF3G	踊らせないで	0.736	0.705	11.0	-5.816	1.0	0.0312	0.0285	0.0	0.0725	0.84	106.99	audio_features	227161.0	4.0
4fDWZUtMp2Aoe8wmenloa7	MILABO	0.785	0.89	6.0	-3.205	1.0	0.0663	0.278	5.41e-05	0.0494	0.917	126.967	audio_features	268147.0	4.0
2cFK03sObtI6AK3QKeOT5g	We Got That Cool (feat. Afrojack & Icona Pop)	0.639	0.865	1.0	-5.01	1.0	0.0357	0.00462	1.26e-06	0.208	0.611	124.01	audio_features	213000.0	4.0
2x0RZdkZcD8QRI53XT4GI5	SOS (feat. Aloe Blacc)	0.802	0.645	5.0	-6.181	0.0	0.0715	0.272	0.0	0.119	0.376	100.001	audio_features	157202.0	4.0
5aUSEPNd3m5xliFK4pn5mU	Good Thing (with Kehlani)	0.693	0.564	1.0	-3.857	0.0	0.0378	0.399	0.0	0.0409	0.574	185.913	audio_features	210901.0	3.0
2UJQmwF0yShE7pHcjSzX4X	Sad Song (feat. TINI) (Alesso Remix)	0.541	0.92	7.0	-3.299	1.0	0.0937	0.0193	0.000397	0.0911	0.2	123.952	audio_features	214385.0	4.0
5F0LuK8XTN28rrZ2NS4spe	MAKUAKE	0.723	0.666	6.0	-5.84	1.0	0.0526	0.091	0.0	0.0884	0.763	125.941	audio_features	217774.0	4.0
5MYDZrbP3Qn6QXczoQ7RIZ	FUTURE WAVE - Mori Zentaro - Remix	0.718	0.848	6.0	-2.929	0.0	0.0497	0.58	0.0	0.0678	0.888	130.013	audio_features	273010.0	4.0
22uQDAWeupUDmr3Qit0abI	夏の思い出	0.686	0.909	11.0	-4.193	1.0	0.0541	0.171	0.0	0.553	0.818	94.009	audio_features	391733.0	4.0
1f4T2uSSOY5F4XFyaS5iaq	Ride On The Back To Back	0.885	0.261	4.0	-10.126	0.0	0.063	0.248	0.749	0.0805	0.683	85.003	audio_features	229441.0	4.0
7y7fPt0Tbv7IW4NLjrIpG4	San Francisco (feat. Sofia Carson)	0.741	0.689	4.0	-4.946	1.0	0.0447	0.0305	0.0	0.112	0.655	110.06	audio_features	154877.0	4.0
4jru5m7MAY7zKMTN1V3YAz	Driftin' - Kan Sano Remix	0.72	0.887	8.0	-5.59	1.0	0.249	0.152	0.019	0.0354	0.685	124.983	audio_features	340923.0	4.0
3XQcanZ0S09w0nZBf87jE0	Let your love grow	0.724	0.446	6.0	-7.832	1.0	0.085	0.578	4.64e-06	0.121	0.609	83.994	audio_features	377173.0	4.0
6k90ibcH1z8Mx9684nfuLW	お勉強しといてよ	0.699	0.875	8.0	-3.291	1.0	0.0558	0.083	2.63e-05	0.103	0.863	132.007	audio_features	280720.0	4.0
6b8xWwBbBWVpxpYtHPLsAv	late night blue	0.574	0.497	0.0	-8.875	1.0	0.0512	0.00226	2.07e-05	0.195	0.136	165.915	audio_features	323550.0	4.0
3ymmhmikPwzb3ZdDZ8GBgl	Unknown	0.693	0.682	11.0	-9.266	1.0	0.0694	0.265	0.000639	0.147	0.19	140.988	audio_features	244749.0	4.0
5SygOkBK8amhVBQ6iW7FCq	また君に会える	0.677	0.966	10.0	-2.72	0.0	0.0367	0.05	0.0	0.177	0.888	105.989	audio_features	339000.0	4.0
06dM6Qpl3yE9jItRyQnxOl	Delphium	0.654	0.363	10.0	-15.086	0.0	0.0892	0.0207	0.921	0.101	0.705	118.621	audio_features	329267.0	4.0
3C4fzUgIP3ahkhOBdP38GM	Heaven Can Wait - The Aston Shuffle Remix	0.622	0.859	5.0	-7.626	1.0	0.0636	0.000609	0.746	0.0909	0.442	121.968	audio_features	218373.0	4.0
4fMVTLd3IpgrxOxcqDZrpo	この夜が明けるまで	0.782	0.661	1.0	-6.421	0.0	0.0914	0.133	0.0	0.0729	0.765	127.876	audio_features	221600.0	4.0
7aUSAEsmyQElQMYP0yXYIc	ウイスキーが、お好きでしょ	0.606	0.343	8.0	-9.408	0.0	0.0282	0.42	6.67e-06	0.118	0.304	113.957	audio_features	233387.0	3.0
7ju97lgwC2rKQ6wwsf9no9	Rain On Me (with Ariana Grande)	0.672	0.855	9.0	-3.764	1.0	0.0397	0.021	0.0	0.323	0.646	123.056	audio_features	182200.0	4.0
1AWDY3NfuKyPmP2vA1GtYS	OMAE	0.84	0.313	0.0	-8.287	0.0	0.0904	0.471	0.00136	0.26	0.552	121.785	audio_features	160453.0	4.0
0BDo8K0GagdsLS5vVhW7Vt	I Used To Be	0.714	0.486	11.0	-7.367	1.0	0.0336	0.698	2.53e-05	0.437	0.639	106.016	audio_features	176604.0	3.0
2RU67aiaESQ7t9D1xUJqBu	I Want Your Attention	0.806	0.608	11.0	-7.57	0.0	0.0496	0.0178	0.314	0.13	0.561	122.0	audio_features	286727.0	4.0
7ts7M8IFCEhXMU2PlDh9FK	Say It Better (feat. Sarah de Warren)	0.68	0.906	6.0	-2.737	0.0	0.0339	0.0317	0.119	0.318	0.121	125.963	audio_features	171429.0	4.0
4YhN72dRYL2Z3MsaKyT7rS	Stay (Don't Go Away) [feat. Raye]	0.669	0.797	9.0	-5.68	0.0	0.0624	0.259	0.0	0.199	0.552	119.865	audio_features	185943.0	4.0
1EZVqwQszbqhILz8faJ28o	Stay (Don't Go Away) [feat. Raye] - Adam Trigger Remix	0.744	0.855	9.0	-4.348	0.0	0.066	0.0365	4.02e-05	0.24	0.716	127.957	audio_features	159844.0	4.0
4xsHmPGoC1i3Hpya4siPdb	Plastic Love	0.71	0.548	2.0	-8.464	0.0	0.0346	0.0662	1.95e-06	0.0614	0.854	105.998	audio_features	280189.0	4.0
7GyvO83kA3aOSiOudoz0Pl	Catch Me If You Can (Fly Away)	0.72	0.707	8.0	-5.633	1.0	0.0321	0.0206	0.000125	0.134	0.688	122.023	audio_features	261867.0	4.0
0Vf8yXcNDHBfN1Klmf4Ewl	Ain't No Other Like You	0.635	0.894	6.0	-2.045	1.0	0.041	0.113	0.0	0.119	0.292	80.066	audio_features	187953.0	4.0
3u5Xxl0ZocjtXqCY70qmkA	美しい顔	0.777	0.758	0.0	-4.792	1.0	0.0391	0.0611	8.16e-05	0.176	0.653	112.06	audio_features	217400.0	4.0
37YNPHAydjmMCY67XnnQqV	Graut - Original Mix	0.812	0.808	1.0	-10.763	1.0	0.079	0.000978	0.89	0.0616	0.412	120.012	audio_features	718676.0	4.0
0sXSjuLmaK2nMy90HtzWI6	Nights (feat.ØZI & eill)	0.827	0.655	0.0	-6.089	1.0	0.0499	0.353	0.0	0.148	0.734	120.004	audio_features	177385.0	4.0
3b1TJu58AWEiGvnUwDdhag	SPOTLIGHT	0.638	0.735	8.0	-4.634	1.0	0.0873	0.0263	0.0	0.0603	0.628	99.964	audio_features	221387.0	4.0
483XiZ5o13Cc1zoWV7jGml	Gecko (Overdrive) - Radio Edit	0.609	0.885	0.0	-5.469	1.0	0.0642	0.00521	1.15e-05	0.336	0.76	124.959	audio_features	165441.0	4.0
3gsOIUj1c5C0LbqMK4w8Eh	Rainforest	0.746	0.898	8.0	-5.214	0.0	0.221	0.031	0.0304	0.0897	0.48	126.075	audio_features	228571.0	4.0
1ICPREUY4yMNeFEgbNh7D5	Make You Mine (feat. Moa Lisa)	0.72	0.781	6.0	-4.975	0.0	0.0569	0.0171	1.78e-06	0.215	0.349	126.004	audio_features	213333.0	4.0
1FG7QNYVJz1x50D8AzOVQt	Congratulations	0.82	0.8	5.0	-5.281	0.0	0.138	0.0858	3.49e-05	0.343	0.519	120.083	audio_features	201500.0	4.0
4qjLvvBh5ZeKEPyShKRf06	Narcissist (feat. The 1975)	0.543	0.682	3.0	-5.81	1.0	0.113	0.218	1.53e-06	0.085	0.424	179.969	audio_features	195502.0	4.0
0O8z1t1M41aeVAUi7scRvb	Gravity	0.754	0.668	0.0	-4.054	0.0	0.0392	0.366	4.93e-06	0.111	0.765	117.947	audio_features	203095.0	4.0
1SJI6TfA3Rc5e2aXnBIDyE	Fade Out - FOFU remix	0.702	0.557	10.0	-7.502	0.0	0.0394	0.682	0.0505	0.224	0.462	105.043	audio_features	205714.0	4.0
1EvB8YsljaW0mkNxqxqmWY	BLZ	0.634	0.974	4.0	-4.667	0.0	0.0489	0.0326	0.273	0.209	0.683	126.691	audio_features	382427.0	4.0
55xt2Al7ygmLxRMAg4OA2v	DO YOU SEE WHAT I SEE (Deep Zone Mix)	0.72	0.773	6.0	-7.121	0.0	0.0536	0.011	0.00482	0.109	0.845	122.948	audio_features	459893.0	4.0
62YX5WOQmx5bTDJavM1VWl	On Mission	0.662	0.832	4.0	-4.556	0.0	0.0339	0.00078	0.0	0.109	0.742	160.034	audio_features	199507.0	4.0
3WqPuUgz5je7nsaU6cU3q4	Diamond in the Dark	0.515	0.507	0.0	-6.288	1.0	0.0486	0.0409	0.000313	0.151	0.604	139.667	audio_features	222414.0	4.0
27YAvpLVShBZgF9RLV7Hbf	オン ザ ウェイ - Japanese Version	0.739	0.724	5.0	-7.217	0.0	0.039	0.00682	0.0	0.228	0.561	126.999	audio_features	353400.0	4.0
0ngwur9X06hqGWybwdv5NO	Time	0.718	0.56	11.0	-5.301	0.0	0.0948	0.135	4.01e-06	0.0753	0.477	101.898	audio_features	179082.0	4.0
0Snbzbd74RLfL0i4nn1vU5	Favorito	0.611	0.851	9.0	-2.982	1.0	0.0598	0.229	0.0	0.232	0.823	178.032	audio_features	211613.0	4.0
5fYN8kPYyAWWJUBX57vmXb	Details (feat. Boy Matthews)	0.751	0.714	2.0	-6.502	0.0	0.0379	0.0259	0.000504	0.0508	0.529	120.007	audio_features	156913.0	4.0
5muB1EkWGTqWLtziqCPliw	Best For Me	0.941	0.42	8.0	-10.542	0.0	0.182	0.37	3.74e-05	0.36	0.712	127.961	audio_features	180938.0	4.0
64HWLyz1WAkmwwx0b03koY	Come With Me - Remix	0.71	0.812	1.0	-5.434	0.0	0.116	0.00127	5.75e-06	0.528	0.524	149.973	audio_features	184900.0	4.0
6W2nxxERQlWvRCCHdhKYww	One More Day - Nicky Romero Remix	0.432	0.655	2.0	-4.202	0.0	0.0447	0.11	4.55e-06	0.134	0.166	126.011	audio_features	240893.0	4.0
4Jcdina0lr2GvZ4Hv5QSDh	ISN'T SHE LOVELY - DJ KAWASAKI REMIX	0.557	0.825	1.0	-4.994	0.0	0.0534	0.001	0.000539	0.0649	0.669	126.018	audio_features	475960.0	4.0
34QzauyD2Q2C9RuYUDb21x	FLY AWAY	0.662	0.783	9.0	-3.687	1.0	0.056	0.23	0.0	0.0911	0.619	122.958	audio_features	300852.0	4.0
6HqlarnINzLsWOEfTivvIh	STAY (ジルデコcover ver.)	0.722	0.676	7.0	-7.755	1.0	0.0379	0.0199	0.00377	0.12	0.412	97.974	audio_features	252245.0	4.0
5jwwvGJVf99aX6H15qbZEi	ENDLESS FLIGHT - DJ KAWASAKI REMIX	0.623	0.914	1.0	-5.17	1.0	0.0529	0.0303	0.0696	0.0178	0.882	126.97	audio_features	497027.0	4.0
0ev9fs90CWqoDXXZJiB2WZ	LET'S GET STARTED - DJ KAWASAKI REMIX	0.593	0.947	6.0	-4.143	0.0	0.0403	0.00824	0.0118	0.0808	0.884	127.982	audio_features	468667.0	4.0
5mw0oSUycZcAdqbqO17Acx	Power Of Love feat. arvin homa aya	0.718	0.791	7.0	-4.425	1.0	0.0407	0.125	0.0104	0.0553	0.859	123.991	audio_features	406467.0	4.0
6EluaSaItBlMHrI9hkpfsA	Can't Stop feat. Lisa Shaw	0.702	0.65	6.0	-7.486	0.0	0.0341	0.049	0.000126	0.252	0.925	125.008	audio_features	341400.0	4.0
6K0RBKMMN7tEtubjbu5dIG	Make it Right (album version)	0.685	0.721	11.0	-6.998	0.0	0.028	0.047	0.00801	0.114	0.889	124.988	audio_features	375173.0	4.0
1jL2QtKn2VNmICijbInqPD	Give Me Your Soul - Main Mix	0.709	0.897	8.0	-7.344	1.0	0.0391	0.00332	0.834	0.0628	0.96	124.995	audio_features	418680.0	4.0
6bnF93Rx87YqUBLSgjiMU8	Heartless	0.537	0.746	10.0	-5.507	0.0	0.15	0.0236	1.01e-06	0.156	0.252	170.062	audio_features	198267.0	4.0
696DnlkuDOXcMAnKlTgXXK	ROXANNE	0.621	0.601	6.0	-5.616	0.0	0.148	0.0522	0.0	0.46	0.457	116.735	audio_features	163636.0	5.0
3ZCTVFBt2Brf31RLEnCkWJ	everything i wanted	0.704	0.225	6.0	-14.454	0.0	0.0994	0.902	0.657	0.106	0.243	120.006	audio_features	245426.0	4.0
2W5ci6DNvHKzevFOzmlSBJ	side effects	0.577	0.501	8.0	-8.661	1.0	0.0329	0.0182	0.0	0.137	0.568	82.997	audio_features	254302.0	4.0
5E79hJVlTFROVvV1kjD8lA	The Lights	0.726	0.7	1.0	-7.426	1.0	0.282	0.0974	0.0	0.116	0.865	160.018	audio_features	195120.0	4.0
77azg0CqdGqD9016ZF9jBO	HONDA	0.743	0.612	1.0	-7.676	1.0	0.0354	0.0305	0.000362	0.097	0.757	102.291	audio_features	239746.0	4.0
3YxfDDX7akY0w7kP2roYzk	STAY AWAY	0.386	0.987	2.0	-2.26	1.0	0.0748	0.0014	0.0	0.252	0.447	160.017	audio_features	239267.0	4.0
5gRZQoCO5u6D7Nm9DtHKdH	Bringing Mum To Panorama Bar - Prins Thomas Diskomiks	0.863	0.669	1.0	-9.605	1.0	0.0765	0.0146	0.919	0.0871	0.575	125.992	audio_features	354368.0	4.0
48wZlfJ8zuPTKKN5Z6pCUV	Bringing Mum To Berghain - Norman Nodge Remix	0.714	0.638	8.0	-11.222	1.0	0.0458	0.246	0.912	0.113	0.295	125.998	audio_features	416195.0	4.0
1D6MDb2LwhkznD4v192uS6	Bringing Mum To Panorama Bar - Original Mix	0.874	0.646	1.0	-8.422	1.0	0.0558	0.0275	0.898	0.207	0.114	126.001	audio_features	749173.0	4.0
0jft7vP9nL4C0YtyJEtWYf	Camp Island Summer Vacation	0.72	0.637	0.0	-12.784	1.0	0.0578	0.92	0.923	0.11	0.838	155.932	audio_features	147692.0	4.0
1NDxZ7cFAo481dtYWdrUnR	Pretty Girl - Cheat Codes X CADE Remix	0.703	0.868	7.0	-4.661	0.0	0.0291	0.15	0.132	0.104	0.733	121.03	audio_features	193613.0	4.0
18uOcUO5mNEYHHigeXPgQM	Mine	0.69	0.734	1.0	-6.377	1.0	0.0316	0.0933	0.00531	0.137	0.459	124.033	audio_features	159013.0	4.0
29SmWJwlsdYj02iJlA9OEi	REMEMBER ME	0.544	0.598	11.0	-10.187	0.0	0.045	0.0216	1.85e-06	0.352	0.113	102.002	audio_features	193983.0	4.0
0Ln9K9AtaIE4YhasUY1RvF	PICK YOU UP	0.793	0.65	5.0	-6.278	1.0	0.054	0.117	0.0	0.121	0.219	122.994	audio_features	190167.0	4.0
2hcaEMngvnotPmcIzLpJob	Strings Of Life - Radio Edit	0.589	0.934	1.0	-3.704	1.0	0.0607	0.103	0.726	0.0946	0.788	127.988	audio_features	171562.0	4.0
2X2o1yUthL8tIPOSH3MqDe	Tensaka	0.833	0.36	1.0	-12.618	1.0	0.117	0.483	0.746	0.132	0.806	92.973	audio_features	138144.0	4.0
6uYZ14NHC3Q2IldAkHxXOD	いつもこうなってる	0.675	0.744	10.0	-5.248	0.0	0.302	0.175	0.0	0.105	0.518	100.951	audio_features	204950.0	4.0
4gr14hL7XEkGDhYf2EOb3v	everyday everynight	0.755	0.8	4.0	-6.694	0.0	0.0388	0.265	9.25e-06	0.0985	0.482	119.988	audio_features	152056.0	4.0
0SyMK2z60yrbb5O6E2aAVB	Virtue	0.72	0.746	0.0	-7.503	1.0	0.0717	0.367	0.0502	0.122	0.261	127.991	audio_features	220265.0	4.0
6W7fCerR3Wcz4jTuHxURO2	Back to You	0.616	0.505	9.0	-8.82	1.0	0.0292	0.524	0.0615	0.101	0.242	104.454	audio_features	177637.0	4.0
1cr5cFqUzUPYVLM0s3xHkv	君はQueen	0.697	0.655	1.0	-5.411	1.0	0.0721	0.45	2.96e-06	0.32	0.718	99.882	audio_features	297600.0	4.0
5bELNVBHGh2SK8ZL24sYZ0	HUSH	0.718	0.56	8.0	-4.002	0.0	0.0404	0.378	0.0	0.0761	0.688	97.95	audio_features	223530.0	4.0
5SXzKGHYfueHmJ502FiYVz	Feeling	0.815	0.606	11.0	-7.342	0.0	0.0843	0.00503	0.0	0.117	0.424	128.193	audio_features	189583.0	4.0
7hp5B1EjHIUTOlsxEkvkv8	YOUME	0.812	0.591	11.0	-6.322	0.0	0.0581	0.0916	0.0	0.089	0.846	145.02	audio_features	215173.0	4.0
6Qs4SXO9dwPj5GKvVOv8Ki	Dancing With A Stranger (with Normani)	0.741	0.52	8.0	-7.513	1.0	0.0656	0.45	1.97e-06	0.222	0.347	102.998	audio_features	171030.0	4.0
7F51q96XofOD2lntm7hzvQ	Body Language (feat. Usher & Tinashe)	0.884	0.53	5.0	-5.776	0.0	0.0379	0.0144	0.0	0.095	0.262	99.021	audio_features	206187.0	4.0
3fMKnwiByu9yfeD5ISn9Et	Like I Used To	0.717	0.599	11.0	-6.156	1.0	0.115	0.571	8.99e-06	0.102	0.385	159.78	audio_features	187537.0	4.0
3jVtllWS5CFFWLQng8sKsr	2 On (feat. ScHoolboy Q)	0.742	0.595	9.0	-7.51	1.0	0.107	0.15	0.0	0.111	0.431	101.013	audio_features	227000.0	4.0
1aWV3uY3SIEZVbmv45oFWS	Creep	0.811	0.458	5.0	-9.688	0.0	0.0402	0.0193	1.41e-06	0.0526	0.797	92.94	audio_features	268533.0	4.0
15xPYwd6QAqx71nbMZntGo	Cruisin' - 80KIDZ's New Jack Swing Edit	0.609	0.936	0.0	-2.413	1.0	0.0717	0.0319	0.0	0.323	0.746	112.967	audio_features	185130.0	4.0
12vtP52MPA4Vz7QT5Z9lPp	Spring of Life - Level3-mix	0.604	0.968	1.0	-1.939	1.0	0.0622	0.000155	0.62	0.0197	0.922	132.004	audio_features	359040.0	4.0
33dI106R5aisHtTUVpwGQi	Drive (feat. Delilah Montagu)	0.718	0.727	11.0	-9.459	0.0	0.0403	0.000311	0.339	0.0962	0.518	118.038	audio_features	283621.0	4.0
68VvXn4KJHxiEDOuviCFPB	Found Him - (Kerri Chandler Kaoz 6:23 Dub Remaster	0.806	0.7	11.0	-6.8	0.0	0.0525	0.000688	0.885	0.113	0.234	126.013	audio_features	489790.0	4.0
5L8tFuh98p2VPY0El0f4oY	By Your Side	0.729	0.637	5.0	-8.204	0.0	0.0397	0.473	0.894	0.302	0.8	128.036	audio_features	340834.0	4.0
1B3x1uT4WMuFD84IxcOiki	Candid	0.746	0.75	11.0	-7.276	0.0	0.0365	0.344	0.0468	0.0771	0.453	144.027	audio_features	243511.0	4.0
0DPRdSM43cYp5qjdGyJkLq	Wobble Tokyo	0.329	0.68	0.0	-8.74	1.0	0.0426	0.00469	0.0018	0.624	0.4	127.086	audio_features	259111.0	4.0
0rwixHSCzuuqDsYjPBxa5g	No Question - TOKYO RAINBOW PRIDE REMIX Remixed by Mitsunori Ikeda	0.641	0.804	1.0	-5.117	1.0	0.0885	0.0386	0.0	0.104	0.679	140.018	audio_features	228000.0	4.0
0AQh43x0XMiVfzr2Y9r1dX	Back For Love	0.777	0.884	2.0	-4.369	0.0	0.274	0.0075	4.94e-06	0.394	0.616	124.01	audio_features	203728.0	4.0
3brsdCKy8gU90mRyGqGvNg	Anywhere You Go	0.679	0.725	11.0	-7.62	0.0	0.0317	0.000113	0.672	0.139	0.656	123.012	audio_features	208530.0	4.0
78Jpa8Y0TYz5ix0ZMNPoYT	She II feat. jjj	0.846	0.585	5.0	-7.429	1.0	0.171	0.463	9.54e-05	0.244	0.654	117.035	audio_features	215719.0	4.0
2nFBBEXMIGdFECtIkyDIUz	Escape	0.629	0.562	4.0	-10.028	0.0	0.0408	0.0757	0.0117	0.109	0.32	85.019	audio_features	242855.0	4.0
4mREugVTc66PvCEybCA4pL	美しく燃える森 - FPM Bootleg House mix	0.632	0.935	2.0	-5.658	0.0	0.0401	0.000124	0.0244	0.357	0.956	129.944	audio_features	339800.0	4.0
3w6sxced1PrW3ZH9KawdVr	Beauty - Flow - Main Mix	0.642	0.74	2.0	-6.267	0.0	0.121	0.505	4.93e-06	0.201	0.533	90.007	audio_features	356187.0	4.0
1UYB41Kb2KHcBjSk7jadkT	Let Me Know	0.759	0.519	0.0	-6.689	1.0	0.199	0.116	0.0	0.0827	0.385	105.943	audio_features	281062.0	4.0
0gH24CJOVzNshhMC3GLTvw	Get It	0.832	0.723	0.0	-6.904	0.0	0.266	0.258	0.0573	0.11	0.647	100.062	audio_features	264938.0	4.0
3j21Tfa6OchyYT9OVl1CUK	Bill.	0.705	0.586	9.0	-8.084	0.0	0.0458	0.226	0.0	0.0828	0.562	140.888	audio_features	187627.0	4.0
1am81EnZ6b3JKeZ4CuRazI	Yo-Sea's Interlude.	0.668	0.219	10.0	-13.157	0.0	0.0406	0.256	0.0889	0.105	0.0635	119.906	audio_features	86267.0	4.0
4EJvpQc8PHkSkaxEob0mUl	Soda Water	0.792	0.785	11.0	-5.393	1.0	0.189	0.234	0.0	0.123	0.514	105.046	audio_features	231173.0	4.0
16BZdml9C7YxM4GWbPliEi	ONE LAST TIME (Prod.AmPm)	0.854	0.852	1.0	-6.518	0.0	0.0998	0.204	2.41e-05	0.0892	0.388	124.95	audio_features	226429.0	4.0
54ovbNY6pYLS2PNLQZG9ZY	Club Affairs	0.821	0.656	10.0	-7.792	0.0	0.0508	0.394	0.00204	0.154	0.306	112.019	audio_features	192773.0	4.0
4gopRs3nY1i59xemTXnbsw	Take It Easy	0.863	0.762	4.0	-3.531	1.0	0.0993	0.616	0.0	0.108	0.642	99.966	audio_features	229416.0	4.0
3gV5ugHXHnc47foLpHVQBv	Do it	0.61	0.635	10.0	-5.003	0.0	0.0351	0.381	0.0	0.108	0.399	129.992	audio_features	225617.0	4.0
43gVafxuJKTeRWlZShtrLn	MELODY	0.664	0.804	4.0	-7.76	1.0	0.0332	0.127	0.897	0.0812	0.968	124.972	audio_features	268840.0	4.0
0FVUs7Kb4KKl3vsssgZCud	DAYZ	0.738	0.548	5.0	-9.846	0.0	0.0475	0.00903	0.000677	0.0772	0.61	110.021	audio_features	311976.0	4.0
1mpD5Q8IM32I4bF6eCpU74	Up All Night	0.665	0.712	1.0	-7.536	1.0	0.0527	0.00103	0.00333	0.102	0.669	93.992	audio_features	157220.0	4.0
0afmCHp3P3zaGOvcwZBIB3	A Perfect Sky	0.637	0.774	8.0	-5.641	1.0	0.0645	0.475	0.0	0.438	0.842	89.99	audio_features	247667.0	4.0
6stYhn8yuKf61GIv05dFoC	Sway	0.718	0.738	5.0	-6.645	0.0	0.0429	0.358	0.00012	0.279	0.455	112.03	audio_features	250787.0	4.0
0YtEEp66vm9Ae7TXhVnat9	Summer Situation	0.677	0.756	0.0	-4.194	0.0	0.0641	0.145	2.17e-06	0.0796	0.866	84.504	audio_features	290219.0	4.0
5GdRb9YRr9mHqZAa7Bffvu	Like a Cinderella	0.666	0.863	1.0	-6.163	1.0	0.0446	0.0419	0.0	0.467	0.907	127.984	audio_features	323600.0	4.0
1vUhntLFwQGjyyX8TkoQe6	Betty boop	0.779	0.725	1.0	-7.476	1.0	0.13	0.215	0.000477	0.173	0.453	101.983	audio_features	219049.0	4.0
1xcD8mGCdBNiyYvxIkzzyK	まげわすれん	0.753	0.721	11.0	-3.808	0.0	0.0372	0.1	0.00648	0.341	0.235	104.989	audio_features	126144.0	4.0
6j0Y7J5xz9MzqVjtCduPod	Happy Birthday & UU - Tepppei Edit	0.734	0.326	1.0	-11.912	1.0	0.064	0.325	0.135	0.113	0.515	103.874	audio_features	210358.0	4.0
6cgEaJy0KKyHTRUmJNKUrq	Meet us in the park we used to play.	0.734	0.569	11.0	-8.162	1.0	0.0252	0.065	8.32e-06	0.129	0.399	105.992	audio_features	194054.0	4.0
4CheQGYErAyyqUQV1x5VpT	BUTTERFLY (Sleepy Tongue Love Mix)	0.884	0.726	4.0	-7.819	0.0	0.0478	0.00246	0.000641	0.0585	0.966	124.949	audio_features	556827.0	4.0
4pnNvAJGvtPYR7RyacLTuE	Did it. (morning)	0.775	0.611	10.0	-9.148	0.0	0.0331	0.477	0.0	0.0851	0.905	107.996	audio_features	118933.0	4.0
4cszUCYBMe3KiyewKfU96B	NINOKUNI	0.753	0.825	9.0	-3.737	0.0	0.0771	0.238	0.0	0.0669	0.815	129.958	audio_features	257282.0	4.0
5AVDsyUbuVpVTflSxAB73C	Oh Yes (Rockin' With The Best)	0.79	0.949	2.0	-1.89	0.0	0.103	0.133	0.0	0.339	0.602	124.088	audio_features	159162.0	4.0
3qBnc1nWty6LjPIjXuAigw	Moving Mountains - GATTÜSO Remix	0.643	0.925	0.0	-5.642	0.0	0.0377	0.0488	2.82e-05	0.159	0.616	121.969	audio_features	182296.0	4.0
2cpf2vAG5dd8y1mXd5icyt	Someone New - Extended Mix	0.707	0.892	6.0	-5.521	0.0	0.0459	0.000775	0.0016	0.19	0.191	127.998	audio_features	246562.0	4.0
69rdgqTtPImNmy8UZx9W3g	The Way They Rep	0.839	0.771	1.0	-9.051	1.0	0.141	0.0138	0.0	0.389	0.502	123.04	audio_features	355500.0	4.0
1Mq8totYMYeVceA10THkqN	bauhouse.wav	0.805	0.616	5.0	-16.192	1.0	0.0654	0.00464	0.817	0.191	0.755	119.998	audio_features	312000.0	4.0
0VWEfOQC9UskQsuL46XQaZ	Sweat It Out	0.794	0.442	6.0	-14.288	0.0	0.0689	0.0416	0.802	0.117	0.281	125.998	audio_features	262653.0	3.0
1MCGcctAPshzbV5hEypivb	Squares	0.751	0.426	6.0	-10.632	1.0	0.0514	0.0301	0.832	0.111	0.22	119.996	audio_features	505616.0	4.0
3OkKfCvxYyzE2cSVr41NbZ	Pezzner, Stop - Alex Arnout Remix	0.789	0.939	7.0	-7.871	1.0	0.078	0.00314	0.889	0.272	0.717	124.996	audio_features	416067.0	4.0
6PwTiagjlkqn8Zk06fwla8	???	0.834	0.481	1.0	-9.337	0.0	0.174	0.0834	0.00784	0.0654	0.906	152.97	audio_features	166589.0	4.0
230Ig7lh0qnx2SzAl8gabH	Control	0.654	0.902	7.0	-6.864	1.0	0.133	0.000643	0.794	0.0499	0.069	125.013	audio_features	192000.0	4.0
6isgHDZBhSvlfycx3gdcjO	Red	0.692	0.706	0.0	-7.663	1.0	0.101	0.111	0.0	0.827	0.559	103.066	audio_features	210987.0	4.0
7J0CUXB93XFRdvmaRhD0eJ	Dreaming City	0.834	0.419	2.0	-9.733	1.0	0.32	0.0462	0.0	0.0832	0.391	98.023	audio_features	209796.0	4.0
7Khgyk48JB1ii3alsP45B6	真夏のマンホール	0.654	0.819	4.0	-4.294	0.0	0.121	0.0161	0.0	0.346	0.236	119.862	audio_features	245069.0	4.0
3iK3eKx4WBIJ4VaTsu6Ftv	Pursus.	0.763	0.476	6.0	-7.709	0.0	0.102	0.131	1.23e-06	0.103	0.44	99.995	audio_features	168933.0	4.0
09da6vTCU3tmeIgfuyXQdA	Enemy	0.601	0.772	0.0	-7.467	1.0	0.0289	0.0334	0.0	0.0968	0.405	81.499	audio_features	164480.0	4.0
3eUTud6k0l8f55JFXry304	Dream Machine	0.869	0.488	1.0	-10.858	1.0	0.0379	0.0121	0.909	0.121	0.141	121.51	audio_features	388471.0	4.0
54IbnYEdA3ymfxv07WgN3b	Your Teeth In My Neck	0.853	0.604	3.0	-5.794	0.0	0.0511	0.0696	1.65e-06	0.135	0.86	116.0	audio_features	186181.0	4.0
0S8mtofOXVslUNzpHLuPW0	Brown	0.546	0.698	0.0	-4.678	1.0	0.0987	0.0759	0.000131	0.0613	0.616	72.417	audio_features	234759.0	4.0
7FO241NKm5uPZXnxLijDrm	DAZZLING	0.684	0.672	0.0	-10.3	1.0	0.0473	0.0049	0.807	0.0718	0.707	106.385	audio_features	252000.0	4.0
5llPdGZJjJFJv9aL6ZaiLY	Never Letting Go	0.534	0.765	1.0	-3.151	1.0	0.0338	0.0915	0.00107	0.225	0.117	127.978	audio_features	172520.0	4.0
46n3YAr23ye1aJQJ58MIal	Space	0.815	0.47	9.0	-8.693	1.0	0.0406	0.217	0.0852	0.246	0.854	113.984	audio_features	160438.0	4.0
0IFV9VPRBvqpUP52ksLzzE	Shelter	0.477	0.796	0.0	-4.499	1.0	0.0369	0.00293	0.0	0.184	0.27	99.859	audio_features	218965.0	4.0
7sGTH1fber0bhncNMfNxmt	All My Friends	0.669	0.757	8.0	-4.259	0.0	0.0469	0.0248	0.0	0.283	0.708	106.018	audio_features	204627.0	4.0
1VuSnXD5q3djS6nAje0JVb	FMW	0.665	0.866	1.0	-4.978	1.0	0.0465	0.000967	0.904	0.0225	0.228	127.954	audio_features	229021.0	4.0
5JKU2tXiG3yvJtefNwe7ZQ	Touch	0.576	0.797	11.0	-5.476	0.0	0.0499	0.0166	3.23e-05	0.21	0.137	110.051	audio_features	205773.0	4.0
5VuxWXbt7XENQCtE9TzpTv	Spoil My Night (feat. Swae Lee)	0.672	0.717	1.0	-2.714	1.0	0.034	0.341	2.4e-05	0.106	0.225	160.981	audio_features	194560.0	4.0
6CTWathupIiDs7U4InHnDA	Trip	0.477	0.61	11.0	-5.628	0.0	0.144	0.225	0.0	0.107	0.358	79.882	audio_features	213993.0	4.0
4b5aJdOgxps6z0dPe6wCHF	Into You (feat. Ashanti)	0.726	0.568	7.0	-8.358	0.0	0.0298	0.179	0.0	0.0488	0.631	91.906	audio_features	274333.0	4.0
3TOfcOKNuu6ZPZXJie5msH	Canceled	0.767	0.611	5.0	-5.173	0.0	0.0983	0.157	0.0116	0.0836	0.11	94.034	audio_features	183960.0	4.0
4WstRtdgYjwPvpCekgYAhs	Bang	0.929	0.606	1.0	-7.356	1.0	0.242	0.0234	0.0	0.0925	0.207	103.019	audio_features	193980.0	4.0
7ox6jaj8vXaOrQWaBxxSeT	Used To	0.899	0.658	8.0	-7.031	0.0	0.265	0.523	0.149	0.0909	0.489	115.016	audio_features	187010.0	4.0
2zjGJ0dChMR0KxBZS15aqo	Baguettes in the Face (feat. NAV, Playboi Carti & A Boogie Wit da Hoodie)	0.883	0.525	2.0	-8.054	0.0	0.0633	0.189	0.0	0.0971	0.312	99.978	audio_features	174100.0	4.0
7DcvwMAiqKJQD1rrdfxSDx	The London (feat. J. Cole & Travis Scott)	0.796	0.586	4.0	-6.946	0.0	0.147	0.0247	0.0	0.132	0.179	97.981	audio_features	200107.0	4.0
0gxkqxGiLg1ylKzgToCcHY	Play It Cool	0.817	0.82	0.0	-3.404	1.0	0.194	0.0125	0.0	0.0793	0.422	120.012	audio_features	186799.0	4.0
1sFyypprtDuHcoxXkDPNiJ	Are You Lonely (feat. ISÁK) - YUAN Remix	0.582	0.546	6.0	-8.364	0.0	0.0297	0.217	0.00693	0.0984	0.601	180.085	audio_features	155215.0	4.0
1AjhfGVSKEtNg4YtB574Mq	joy	0.716	0.926	4.0	-9.72	1.0	0.0457	0.013	0.9	0.0992	0.66	120.009	audio_features	600227.0	4.0
1yfyIdEw5U2bD5I6gxQCxW	Tough Love (feat. Agnes, Vargas & Lagola)	0.402	0.754	8.0	-4.837	1.0	0.0432	0.143	0.0	0.358	0.621	108.17	audio_features	191248.0	4.0
11juqRacPcxu5zlu8lkBZR	FALL	0.781	0.633	2.0	-9.093	1.0	0.289	0.427	7.33e-05	0.104	0.57	152.994	audio_features	166341.0	4.0
2xmM54W5qketGHgLilzynh	be yourself	0.668	0.821	10.0	-4.296	1.0	0.185	0.00156	0.00112	0.0933	0.816	127.999	audio_features	262996.0	4.0
0bEl4VKm9eAbUEOP7XZ3U3	Facial Sounds	0.694	0.783	4.0	-11.429	0.0	0.0347	0.0877	0.863	0.104	0.441	130.011	audio_features	389710.0	4.0
1ON9X3NlL6kWmn3acdLYKM	Get Through This	0.893	0.476	7.0	-7.006	0.0	0.282	0.075	6.05e-05	0.0635	0.81	104.945	audio_features	167920.0	4.0
3Wbg1P3IxfREla7NQEhejC	Release - SG Lewis x Dot Major	0.645	0.753	7.0	-11.095	1.0	0.057	0.0032	0.25	0.0846	0.202	117.996	audio_features	298983.0	4.0
5ykD1TcdxBGpri9HeRhWcj	A.A.T (feat. Drew Love)	0.686	0.779	11.0	-5.037	0.0	0.0571	0.297	4.4e-06	0.0601	0.215	143.929	audio_features	150000.0	4.0
114BzpOMtJscxWepVeoRmF	Again (feat. Totally Enormous Extinct Dinosaurs)	0.725	0.525	4.0	-10.226	0.0	0.0472	0.0509	0.619	0.12	0.0528	122.019	audio_features	326733.0	4.0
47eysEsPFC4GMrQmTeXBpW	For Yourself	0.687	0.532	6.0	-8.315	1.0	0.12	0.123	0.0	0.097	0.472	93.041	audio_features	230840.0	4.0
5wRqbS5LWr06yeCy5laI5p	One Thing	0.76	0.963	3.0	-2.006	0.0	0.1	0.0917	0.477	0.129	0.817	125.056	audio_features	157402.0	4.0
5GWzCbBRf59K3I167joHfF	GAF	0.658	0.762	1.0	-9.006	1.0	0.0339	0.00174	0.412	0.0462	0.911	119.987	audio_features	308000.0	4.0
7FO7BolIZsl1o8DDSjeOph	Twin Peaks Theme - Instrumental	0.295	0.119	5.0	-19.872	1.0	0.0301	0.895	0.886	0.0881	0.102	71.721	audio_features	310013.0	1.0
6GTPB3PDbM0xkigS2Gd3yy	Keep The Faith - Lifelike Remix	0.702	0.811	3.0	-5.251	1.0	0.0475	0.0143	0.57	0.204	0.887	122.041	audio_features	292546.0	4.0
3WvttZjGdUyHDeX2Eb7GgM	Yeah Right	0.546	0.583	4.0	-8.559	0.0	0.0542	0.524	0.000102	0.229	0.602	153.913	audio_features	249552.0	4.0
6J4S3QDLPVzPrtNBAbbFmV	Give Me Life	0.684	0.547	1.0	-10.56	1.0	0.229	0.0876	0.00766	0.626	0.782	187.999	audio_features	169323.0	4.0
6gZ9ePHJF9tAgu4t2PX4w9	Quick Turn	0.763	0.77	6.0	-6.662	0.0	0.0774	0.293	0.833	0.113	0.816	124.975	audio_features	253440.0	4.0
2K7vT7hPBOcW6RdzGgos7K	Bird Scat	0.793	0.541	7.0	-9.229	0.0	0.0488	0.37	0.482	0.684	0.701	140.061	audio_features	193714.0	4.0
7HWzA5ThGVJp4FZIJTGYQw	Inner Blue	0.499	0.966	0.0	-2.444	0.0	0.0502	0.045	0.598	0.0775	0.862	104.999	audio_features	260301.0	4.0
7CUt3X86W4DTL8PwUT892B	never fall in love	0.844	0.394	6.0	-13.036	0.0	0.0417	0.118	4.05e-05	0.143	0.762	119.997	audio_features	150843.0	4.0
3ewjJIK0pvLc9k7nOpanqJ	サーカスナイト	0.863	0.446	6.0	-9.535	1.0	0.0494	0.838	0.00319	0.0907	0.698	73.996	audio_features	379067.0	4.0
6ehO0xH5kVp8wt63gfZmWB	Real Thing?	0.736	0.256	11.0	-11.75	1.0	0.301	0.661	0.000609	0.26	0.396	143.993	audio_features	244921.0	4.0
2D62mwAVPSyXaZ3qeIIo49	Departure	0.423	0.459	10.0	-11.962	0.0	0.087	0.0204	0.897	0.0901	0.0877	121.991	audio_features	381907.0	4.0
7hHhysSURdOvOAlOmmONc5	Together - Niko the Kid Remix	0.752	0.902	9.0	-3.198	1.0	0.0637	0.0113	0.846	0.0602	0.697	125.995	audio_features	289762.0	4.0
2VZAdlb5rD5BgfbR4XyAW6	LOOK AT ME NOW	0.682	0.725	5.0	-8.01	0.0	0.0627	0.413	0.00117	0.14	0.429	115.943	audio_features	230965.0	4.0
5lIGnHFjuDYhRXRWE6qD1p	IT STARTED IN THE HEART	0.407	0.67	7.0	-10.204	1.0	0.445	0.0744	0.000124	0.364	0.32	84.814	audio_features	330988.0	4.0
5KTvOgf4kV0iYr8JodCTHF	Morning After Pills (Instrumental)	0.705	0.511	8.0	-10.491	0.0	0.0375	0.0799	0.0386	0.289	0.321	109.955	audio_features	229090.0	4.0
5Luj0bmVDP9qpmLeNw2I4i	Rakuda	0.473	0.389	6.0	-8.915	0.0	0.348	0.0477	0.346	0.137	0.665	79.074	audio_features	234000.0	4.0
2jWus4XmIMHQv8GuXvZUf8	Fullspeed	0.384	0.525	6.0	-9.602	0.0	0.361	0.0447	0.00191	0.407	0.366	94.922	audio_features	155027.0	4.0
3gHgh5pz2eVBnm5MFwYMly	Change	0.762	0.579	11.0	-5.537	0.0	0.0488	0.102	0.889	0.348	0.96	97.99	audio_features	145717.0	4.0
4kyDcfDsQCQFRDJhDuvxGn	Lighting	0.694	0.46	7.0	-11.177	1.0	0.0881	0.466	0.864	0.0879	0.317	128.004	audio_features	307500.0	4.0
5lvEw47dR7N8m01vUejtja	Rebirth	0.84	0.48	7.0	-5.484	1.0	0.0958	0.677	0.0743	0.152	0.836	90.29	audio_features	196712.0	4.0
3PDiKSBhuhbYkXdtnTngrU	No... No…	0.387	0.632	2.0	-5.554	1.0	0.311	0.455	0.411	0.533	0.358	77.583	audio_features	191888.0	3.0
51bvXXWEbx87KpB0aJPXVW	The Silver	0.528	0.637	11.0	-7.454	0.0	0.205	0.0903	0.000186	0.113	0.602	90.719	audio_features	196438.0	4.0
38aV4PN6eIxNSkwEEwLzV6	I Love You (Ambient)	0.161	0.239	0.0	-25.035	1.0	0.0474	0.99	0.926	0.138	0.193	108.861	audio_features	291812.0	5.0
0RVmRVmUvmbVQvUd7PceD7	SOUFFLES H (SOUFFLE YOUR WIG)	0.81	0.906	1.0	-7.015	1.0	0.0388	0.0624	0.943	0.24	0.902	125.988	audio_features	324000.0	4.0
2xrxYwurKhrI0jcpuPA7cw	Andreaen Sand Dunes - Mixed	0.641	0.828	5.0	-5.079	0.0	0.0463	0.000106	0.888	0.0804	0.598	129.23	audio_features	210760.0	4.0
0l6c37vjTDPV1V44lIz3Go	Maria - Mixed	0.676	0.93	4.0	-6.04	0.0	0.0348	0.54	0.931	0.118	0.549	127.535	audio_features	292400.0	4.0
